mint,state,size_sol,entry_price,exit_price,exit_reason,gross_pnl_sol,fees_sol,net_pnl_sol,pnl_pct,mfe_pct,mae_pct,hold_ms,exit_trigger_to_confirm_ms,entry_soft_score,high_volatility,feed_source,venue,slippage_sol,mode,relaxed_risk,relaxed_reasons_json,opened_at,closed_at,entry_tx,exit_tx
6cM4D9B2mJMr61U5AyfNwf9XPr8rq4vdcBHrCtRACoin,CLOSED,0.05,3.2405422586461965e-7,3.8177782697346884e-7,TAKE_PROFIT_1,0.008906472513178155,0.000734268448963043,0.008172204064215111,16.34440812843022,17.812945026356306,-6.1775891780871754,1134,,85,0,,,0.00008426844896304308,dry-run,1,"[""relaxed_h5_top10""]",2026-09-22T18:43:58.091Z,2026-09-22T18:43:59.225Z,,
DVCRKjTXxcjjxPthvnwKvvEQ3auMBiY93jRffPMEpump,CLOSED,0.10833333333333334,3.704744972793663e-7,4.2669202301989897e-7,TAKE_PROFIT_1,0.016439004573726088,0.001301979194022361,0.015137025379703727,13.972638812034207,15.174465760362535,-3.9143621102037223,11074,,85,0,,,0.0003603125273556944,dry-run,0,,2026-09-22T18:44:50.173Z,2026-09-22T18:45:01.247Z,,
GuAyLSJKDaD6NWoJEyn774HobZnhQaqiskSfNvmLpump,CLOSED,0.10833333333333334,3.3200437722857036e-7,3.99421874142988e-7,TAKE_PROFIT_1,0.021998391185970412,0.0013383339876985635,0.02066005719827185,19.070822029174014,20.306207248588066,-3.9238332466608434,2238,,85,0,,,0.0003966673210318966,dry-run,0,,2026-09-22T18:48:11.086Z,2026-09-22T18:48:13.324Z,,
7T7GQPtaWu6Mp2xYe1J7ffQBm1YZEe9gUq56myGyAGNT,CLOSED,0.03,3.300836356665206e-7,2.6560833313632984e-7,STOP_LOSS,-0.005859905996248417,0.000572937376107546,-0.0064328433723559635,-21.442811241186547,6.639349497535497,-19.533019987494733,5281,,85,0,,,0.00002293737610754593,dry-run,0,,2026-09-22T18:52:43.860Z,2026-09-22T18:52:49.141Z,,
9hcEuAr3jBTv4msqwEQ4wa2EhCsJLrZqJJAqiJhFuS3y,CLOSED,0.015,3.2578953568873854e-7,2.5779875592234013e-7,STOP_LOSS,-0.0031304311058976387,0.0004807200920024301,-0.0036111511979000687,-24.07434131933379,0,-20.86954070598426,4131,,70,0,,,0.000005720092002430125,dry-run,1,"[""relaxed_h5_top10""]",2026-09-22T18:57:12.110Z,2026-09-22T18:57:16.241Z,,
AbbMu7BKCuYgXuYErQ6TqBdmnzjKnhr6pyJAeucupump,CLOSED,0.03,3.072009245750152e-7,3.5858299151155366e-7,TAKE_PROFIT_1,0.005017764872383203,0.0005810269943325393,0.004436737878050664,14.78912626016888,16.725882907944012,-2.2692959609861063,24546,,85,0,laserstream,pumpswap,0.0000310269943325392,dry-run,0,,2026-09-22T18:58:41.756Z,2026-09-22T18:59:06.302Z,,
CrmfEGzuR8i5HZ2v4mz6E1iwmgE4kmHQhTYqgTS1pump,CLOSED,0.015,3.257895406428226e-7,2.758710912131004e-7,STOP_LOSS,-0.00229834493755817,0.0004809632593557701,-0.00277930819691394,-18.5287213127596,11.265657291216142,-15.322299583721136,36463,,85,0,,,0.00000596325935577009,dry-run,1,"[""relaxed_h5_top10""]",2026-09-22T18:58:43.857Z,2026-09-22T18:59:20.320Z,,
42raWj3XxNN7CAsUg6WSYt2x6PZwUxuCCfe5y9Kxpump,CLOSED,0.03,3.52376316971904e-7,4.0721963258941296e-7,TAKE_PROFIT_1,0.004669154506931447,0.0005785228238651623,0.004090631683066285,13.635438943554284,15.563848356438154,0,25307,,85,0,,,0.00002852282386516233,dry-run,0,,2026-09-22T19:05:10.711Z,2026-09-22T19:05:36.018Z,,
8scSC6m9Y2YDH5hRxvmVPLHUctzyRceh6oYV27pRpump,CLOSED,0.03,3.300836365316515e-7,3.413150378443152e-7,TRAILING_STOP,0.0010207777729315003,0.0005771460101204988,0.00044363176281100153,1.4787725427033385,13.947668587260035,0,16089,,85,0,,,0.000027146010120498776,dry-run,0,,2026-09-22T19:05:45.441Z,2026-09-22T19:06:01.530Z,,
G77YYNS6unEBdyMtwWYQGywjP6LT66bLsuhZfaSNpump,CLOSED,0.03,3.3788292859783235e-7,3.9676738605631977e-7,TAKE_PROFIT_1,0.005228242015912121,0.0005795708135230285,0.0046486712023890925,15.49557067463031,17.42747338637374,0,1913,,85,0,,,0.000029570813523028514,dry-run,0,,2026-09-22T19:12:05.325Z,2026-09-22T19:12:07.238Z,,
Dk7k93vzQhAQ4TWZL7bgkmXwsz5a4qfypHUNpEM1pump,CLOSED,0.03,3.410863424302304e-7,3.9854116448024016e-7,TAKE_PROFIT_1,0.005053396888363737,0.0005792970677812645,0.004474099820582472,14.913666068608242,16.84465629454578,-2.012554602688611,8624,,85,0,,,0.000029297067781264502,dry-run,0,,2026-09-22T19:18:30.325Z,2026-09-22T19:18:38.949Z,,
BeUAXnAoF1ip3kMLCpgdJ8WRQFTzntDkgfyVYyMwpump,CLOSED,0.015,3.270285272993508e-7,4.1629257109152073e-7,TAKE_PROFIT_1,0.004094323721358135,0.00048304955058665276,0.0036112741707714823,24.07516113847655,27.29549147572091,0,2974,,70,0,,,0.000008049550586652756,dry-run,1,"[""relaxed_h5_top10""]",2026-09-22T19:19:36.513Z,2026-09-22T19:19:39.487Z,,
3y4KW6Yere8NAjVSPVVWEXkUoDfXV8b6t3EDGS2W5wP2,CLOSED,0.03,3.250035664764972e-7,3.750809122752876e-7,TAKE_PROFIT_1,0.004622473501601871,0.000579798503881485,0.004042674997720387,13.475583325734622,15.40824500533958,-0.9835449294158706,7341,,70,0,laserstream,pumpswap,0.000029798503881484953,dry-run,0,,2026-09-22T19:34:28.135Z,2026-09-22T19:34:35.476Z,,
3TgyMCkjRu6bGdvkz4UkjexsooTUJnx7uas5Qsnspump,CLOSED,0.03,3.386160800789404e-7,2.4842260181652463e-7,STOP_LOSS,-0.00799077334792157,0.0005714258055371488,-0.00856219915345872,-28.540663844862397,4.804428325533718,-26.635911159738573,3840,,85,0,,,0.0000214258055371487,dry-run,0,,2026-09-22T19:39:32.758Z,2026-09-22T19:39:36.598Z,,
DKuVu9PoKeJU7jDr8vYXL1Sdgya2mXxYb35S1rThpump,CLOSED,0.03,3.178720567798703e-7,2.675639188161053e-7,STOP_LOSS,-0.004747961032504713,0.0005740879757554201,-0.005322049008260133,-17.740163360867108,9.424863741406844,-15.82653677501571,34101,,75,0,laserstream,pumpswap,0.000024087975755420014,dry-run,0,,2026-09-22T19:49:30.388Z,2026-09-22T19:50:04.489Z,,
8pShZd28jTAzes61tunNrTvU5K5TXVogdHqVbr26pump,CLOSED,0.03,3.299422219811061e-7,3.9698034133726027e-7,TAKE_PROFIT_1,0.00609544170675977,0.0005805629831276756,0.005514878723632094,18.38292907877365,20.318139022532574,0,775,,85,0,,,0.0000305629831276755,dry-run,0,,2026-09-22T19:52:39.784Z,2026-09-22T19:52:40.559Z,,
HbghCNGiQtcRjsmtC3K7fXGdynyYDMxAetFiEQDX5udq,CLOSED,0.03,3.313860841155319e-7,2.6854788654188426e-7,STOP_LOSS,-0.005688669553644281,0.0005729869254366304,-0.006261656479080911,-20.87218826360304,0.9434698157371811,-18.962231845480936,991,,85,0,,,0.00002298692543663031,dry-run,0,,2026-09-22T19:53:26.588Z,2026-09-22T19:53:27.579Z,,
ELcv3u2dPVXRB72u76kX84SVp9zUfA7nGQCmd8B9x7bH,CLOSED,0.015,3.2578954819719674e-7,2.5148230174722405e-7,STOP_LOSS,-0.0034212536986451465,0.0004806368424393297,-0.003901890541084476,-26.01260360722984,3.0583667822626914,-22.80835799096764,631,,85,0,,,0.000005636842439329705,dry-run,1,"[""relaxed_h5_top10""]",2026-09-22T19:55:21.507Z,2026-09-22T19:55:22.138Z,,
3HsZLaUh4aS46Zm8JD6M9iujZqudR7KKUprxJ4T1pump,CLOSED,0.015,3.2578953204446595e-7,3.9620350185901953e-7,TAKE_PROFIT_1,0.0032419996449552756,0.0004827641871414276,0.002759235457813848,18.39490305209232,21.613330966368498,-4.949028122736268,5786,,85,0,,,0.000007764187141427633,dry-run,1,"[""relaxed_h5_top10""]",2026-09-22T19:56:02.877Z,2026-09-22T19:56:08.663Z,,
FKkkrFPX9VivHd8biw4Y12wkCQJPpEW2ZTfa99AJpump,CLOSED,0.03,3.2578953276462056e-7,3.426260965145985e-7,TRAILING_STOP,0.001550377963997589,0.0005776885865694572,0.0009726893774281317,3.242297924760439,14.403510606666872,-11.877272585549392,95034,,85,0,,,0.000027688586569457126,dry-run,0,,2026-09-22T20:02:21.044Z,2026-09-22T20:03:56.078Z,,
9DvtnrMoGWwGpBQUqMWhTxxtRjsuuBPE6Uu9ZNn5pump,CLOSED,0.03,3.034080111534601e-7,3.5492960458706695e-7,TAKE_PROFIT_1,0.005094288041809269,0.0005812986814227759,0.0045129893603864935,15.04329786795498,16.98096013936423,0,1795,,85,0,laserstream,pumpswap,0.000031298681422775856,dry-run,0,,2026-09-22T20:06:27.710Z,2026-09-22T20:06:29.505Z,,
6kzJiXtePTDFL3bfTGUUdZzurZEtoWCtnRiWJ7ynpump,CLOSED,0.03,2.980451661735262e-7,3.889091774926666e-7,TAKE_PROFIT_1,0.009145997482767902,0.0005846165668567388,0.008561380915911163,28.537936386370543,30.48665827589302,0,1318,,85,0,laserstream,pumpswap,0.00003461656685673874,dry-run,0,,2026-09-22T20:09:16.276Z,2026-09-22T20:09:17.594Z,,
8uiGv8wn3oqhgZHeZDaHtSvV2nrwByXHyk9Uqf1Vpump,CLOSED,0.03,3.472604530093438e-7,4.3799475724560977e-7,TAKE_PROFIT_1,0.007838580821682959,0.0005808834125559071,0.007257697409127052,24.192324697090175,26.128602738943208,-12.456477785325632,21258,,85,0,,,0.00003088341255590705,dry-run,0,,2026-09-22T20:14:53.539Z,2026-09-22T20:15:14.797Z,,
CjV6L6iK6ntv2qXr5VvCzjaPiM8eNBG4wwgkPdKepump,CLOSED,0.03,3.3926175108580606e-7,4.205909353962178e-7,TAKE_PROFIT_1,0.007191720025919628,0.0005808478591509197,0.0066108721667687085,22.036240555895695,23.972400086398768,0,2075,,85,0,,,0.00003084785915091965,dry-run,0,,2026-09-22T20:18:16.328Z,2026-09-22T20:18:18.403Z,,
A7fpFDc3urDpeLNASXZcshSWaHnbfLeH9M6f9ho2pump,CLOSED,0.015,3.2578953485741906e-7,2.432749367455369e-7,STOP_LOSS,-0.003799136679512794,0.00048052936352365773,-0.004279666043036452,-28.531106953576348,10.632459486314879,-25.32757786341862,13085,,85,0,,,0.000005529363523657722,dry-run,1,"[""relaxed_h5_top10""]",2026-09-22T20:20:23.903Z,2026-09-22T20:20:36.988Z,,
FDaJxBqw1fDhwPQTn8XU3bKH8sXXRe8o5kzC3CdUAv7X,CLOSED,0.03,3.224759008539153e-7,3.7468641602709536e-7,TAKE_PROFIT_1,0.004857155065069362,0.0005800825605174207,0.004277072504551942,14.256908348506473,16.190516883564552,-12.517271142624594,5243,,72,0,,,0.00003008256051742062,dry-run,0,,2026-09-22T20:22:03.796Z,2026-09-22T20:22:09.039Z,,
8jZD2UNc73YUY2nbXKgTMxtex56mdaxjn6SydirWpump,CLOSED,0.03,3.371656733998251e-7,4.0444922108922346e-7,TAKE_PROFIT_1,0.005986690193957919,0.0005801241224730602,0.0054065660714848595,18.021886904949532,19.95563397985973,0,14104,,85,0,,,0.00003012412247306022,dry-run,0,,2026-09-22T20:33:19.824Z,2026-09-22T20:33:33.928Z,,
FAE2XaE1WcfiBNjSdHeyuD369fZmwdeuy18BhqckU59Y,CLOSED,0.03,3.4408627925354074e-7,2.6909302379062187e-7,STOP_LOSS,-0.006538469562832516,0.0005720315669946483,-0.007110501129827164,-23.70167043275721,0,-21.79489854277506,1111,,85,0,,,0.000022031566994648172,dry-run,0,,2026-09-22T20:34:21.848Z,2026-09-22T20:34:22.959Z,,
3rCRwgfxcyn3tpEdAyZHAzLVZsPgm9o83AyK5WW9pump,CLOSED,0.03,4.796584618979247e-7,4.001818285201768e-7,STOP_LOSS,-0.004970826516638909,0.0005690216594452064,-0.005539848176084115,-18.46616058694705,0.7025461945460385,-16.569421722129697,786,,85,0,laserstream,pumpswap,0.000019021659445206337,dry-run,0,,2026-09-22T20:34:25.178Z,2026-09-22T20:34:25.964Z,,
AXEdbYue26ZbGPUKfVDGvQ5ienwJB9twUjmrDrwapump,CLOSED,0.03,3.432765863566643e-7,2.6555891143737644e-7,STOP_LOSS,-0.006791987395132668,0.0005719183065790343,-0.007363905701711702,-24.546352339039007,4.818548141789174,-22.639957983775567,5025,,85,0,,,0.000021918306579034274,dry-run,0,,2026-09-22T20:37:20.546Z,2026-09-22T20:37:25.571Z,,
HzqF5dzr5tRHrhbNxYtjkCUM17AX7QAdQzwykPUTpump,CLOSED,0.03,3.573966290090841e-7,4.3189707957536035e-7,TAKE_PROFIT_1,0.006253594285948003,0.0005793437671125387,0.005674250518835464,18.914168396118214,20.845314286493345,0,1906,,85,0,,,0.000029343767112538666,dry-run,0,,2026-09-22T20:48:59.086Z,2026-09-22T20:49:00.992Z,,
H9JwarQSuFk4q6ekuMpig4CkJyv7NtSRQ8BbCsmapump,CLOSED,0.03,3.2578953971483813e-7,2.7030887393580907e-7,STOP_LOSS,-0.00510888095065216,0.0005735460492333346,-0.005682426999885495,-18.941423332951647,4.167827277020593,-17.02960316884053,32510,,85,0,,,0.00002354604923333456,dry-run,0,,2026-09-22T20:58:10.275Z,2026-09-22T20:58:42.785Z,,
32pFqskrtbVx35HnnxhoSaYWrE2KLLWQrtLQwWFFpump,CLOSED,0.03,2.612555976145176e-7,2.1742354006983024e-7,STOP_LOSS,-0.0050332384773659295,0.0005767124404746399,-0.00560995091784057,-18.6998363928019,9.350239122038133,-16.777461591219765,2313,,85,0,laserstream,pumpswap,0.000026712440474639816,dry-run,0,,2026-09-22T21:00:06.107Z,2026-09-22T21:00:08.420Z,,
EEjDh8SzNWxGVa8EpqNs71iRbTULf849V73kPhy7KwBa,CLOSED,0.03,3.0696344951021766e-7,2.6081732123435305e-7,STOP_LOSS,-0.0045099305812624346,0.0005747120107027486,-0.005084642591965183,-16.948808639883943,4.207611581281815,-15.033101937541455,8348,,85,0,,,0.000024712010702748607,dry-run,0,,2026-09-22T21:09:57.915Z,2026-09-22T21:10:06.263Z,,
CFt8oAztoQa7FWJKCScn6dDV48bY69pUZFuU6UVapump,CLOSED,0.03,3.38725980803069e-7,7.26878554868858e-8,EMERGENCY_EXIT,-0.023562242673453596,0.0005645364581098203,-0.024126779131563417,-80.4225971052114,8.075247654997183,-78.54080891151199,5750,,80,0,,,0.000014536458109820206,dry-run,0,,2026-09-22T21:11:37.066Z,2026-09-22T21:11:42.816Z,,
9YZZuFYNCBqKoxyqpGnxiTAeaKyMeWNs98bpTk67qvVq,CLOSED,0.03,2.963049934841147e-7,3.8080362237504155e-7,TAKE_PROFIT_1,0.008555235053315789,0.0005842812459113664,0.007970953807404422,26.56984602468141,28.517450177719294,-7.74418281333244,17512,,85,0,,,0.000034281245911366376,dry-run,0,,2026-09-22T21:16:53.175Z,2026-09-22T21:17:10.687Z,,
5YEU9Dkm5zaf3Wp4TY57KENxGj9KBsafqdhJsUjipump,CLOSED,0.03,3.378829321538552e-7,2.583663744563828e-7,STOP_LOSS,-0.007060127943479356,0.0005719636892316967,-0.0076320916327110525,-25.440305442370175,5.509568843674647,-23.53375981159785,6688,,61,0,,,0.000021963689231696645,dry-run,0,,2026-09-22T21:20:17.104Z,2026-09-22T21:20:23.792Z,,
8GZ1tKKDFKbKThHkGuSHPA99ofqLsLQa7VDMk8ezpump,CLOSED,0.015,3.2578953076365393e-7,3.1236819595411687e-7,TRAILING_STOP,-0.0006179450323991691,0.0004814773280056491,-0.0010994223604048183,-7.3294824026987895,12.38231747055468,-4.11963354932779,985,,85,0,,,0.000006477328005649067,dry-run,1,"[""relaxed_h5_top10""]",2026-09-22T21:21:20.327Z,2026-09-22T21:21:21.312Z,,
BLUQaFw8FbM5odfxBDudz1quYAcsprZ4eUQM3gMdm5BM,CLOSED,0.015,3.257895395698405e-7,2.7590809487352026e-7,STOP_LOSS,-0.002296641173417433,0.0004809642248201407,-0.002777605398237574,-18.517369321583825,2.267979316810403,-15.310941156116217,9639,,85,0,,,0.000005964224820140702,dry-run,1,"[""relaxed_h5_top10""]",2026-09-22T21:24:09.279Z,2026-09-22T21:24:18.918Z,,
DJfLWrWqZR8jPkspkDqwFDcv7VucBjBr8mjVDccmpump,CLOSED,0.03,3.315073807041197e-7,3.8924836084322215e-7,TAKE_PROFIT_1,0.005225311727581531,0.0005798842148007004,0.0046454275127808305,15.484758375936103,17.417705758605116,0,1410,,85,0,,,0.000029884214800700278,dry-run,0,,2026-09-22T21:26:53.589Z,2026-09-22T21:26:54.999Z,,
HdVRDV4f5qcmGMK7Ag6gYHDwddcbuHLmuCUxCRDBsGti,CLOSED,0.015,3.3008364474298113e-7,3.903861834585092e-7,TAKE_PROFIT_1,0.0027403298986147504,0.00048253455399002677,0.0022577953446247237,15.051968964164825,18.268865990765015,0,1586,,85,0,,,0.000007534553990026763,dry-run,1,"[""relaxed_h5_top10""]",2026-09-22T21:28:29.975Z,2026-09-22T21:28:31.561Z,,
DTXUNHygJCQjjWsjYVNCZXK4Fk2Zqb2VP3pueqrMcXgs,CLOSED,0.015,3.4441949517023936e-7,2.1874588881776066e-7,STOP_LOSS,-0.005473279305387207,0.00047992046202562094,-0.005953199767412828,-39.687998449418856,0,-36.488528702581384,688,,85,0,,,0.000004920462025620966,dry-run,1,"[""relaxed_h5_top10""]",2026-09-22T21:34:06.072Z,2026-09-22T21:34:06.760Z,,
E9FASb6hdHBedGCiJ3KzzBmCirK1G8VfAHHBq2AKpump,CLOSED,0.03,3.649277964258025e-7,4.3731834356851636e-7,TAKE_PROFIT_1,0.005951085216176379,0.000578804837079479,0.0053722803790969,17.907601263656332,19.836950720587932,-11.173984461120952,5624,,70,0,,,0.000028804837079479013,dry-run,0,,2026-09-22T21:44:39.555Z,2026-09-22T21:44:45.179Z,,
7zwSAWJnALBJ71vwR45QQd2M2eZxscXcGDeB3QY4mint,CLOSED,0.03,2.99818611180182e-7,3.6830026275200324e-7,TAKE_PROFIT_1,0.006852308264212374,0.00058278698309994,0.006269521281112434,20.89840427037478,22.841027547374576,-14.905617239268262,39620,,63,0,,,0.00003278698309993991,dry-run,0,,2026-09-22T21:51:21.499Z,2026-09-22T21:52:01.119Z,,
E6QrLwNVLG11XvjBNdADiwRgcB3Vqnat6vjAahnSLfG4,CLOSED,0.03,3.3005042234797274e-7,3.3754995694841083e-7,TRAILING_STOP,0.0006816717167413278,0.0005769321351538399,0.00010473958158748787,0.34913193862495956,14.243726732212822,0,1673,,85,0,,,0.000026932135153839813,dry-run,0,,2026-09-22T21:54:07.989Z,2026-09-22T21:54:09.662Z,,
9e8RJq94ZHri9oaycHWyJMaP6uYZsdegdzNh6vvuu3hr,CLOSED,0.015,3.2578953098115034e-7,2.1738126919653872e-7,STOP_LOSS,-0.0049913326615251465,0.0004802037911760327,-0.005471536452701179,-36.47690968467453,0,-33.27555107683431,752,,85,0,,,0.000005203791176032687,dry-run,1,"[""relaxed_h5_top10""]",2026-09-22T21:57:20.518Z,2026-09-22T21:57:21.270Z,,
HCNwjgAj5Jz71AkMtr2g5sDveBEwESB1a3ma1kw9pump,CLOSED,0.03,3.430983639650968e-7,2.824211635230334e-7,STOP_LOSS,-0.00530552227712482,0.0005727602330397907,-0.0058782825101646105,-19.594275033882035,10.145016290610936,-17.685074257082736,6925,,85,0,,,0.00002276023303979065,dry-run,0,,2026-09-22T21:58:21.875Z,2026-09-22T21:58:28.800Z,,
BefGy834GQ8Jie5uv41GsXy2nz6uf2EtRFhpFkF3pump,CLOSED,0.03,3.1881168645721013e-7,1.2951482256981645e-7,EMERGENCY_EXIT,-0.017812728196160445,0.0005672447996631907,-0.018379972995823637,-61.26657665274545,6.188805700036138,-59.375760653868156,4327,,85,0,laserstream,pumpswap,0.00001724479966319065,dry-run,0,,2026-09-22T22:02:24.160Z,2026-09-22T22:02:28.487Z,,
8JptXZNNDdbnpfq5SzTnZV6tpFPza9wJmgAmomvPpump,CLOSED,0.03,2.983048219855307e-7,1.172572616593923e-7,EMERGENCY_EXIT,-0.018207640002707044,0.0005677301553102291,-0.018775370158017272,-62.5845671933909,0,-60.69213334235681,1852,,70,0,laserstream,pumpswap,0.000017730155310229085,dry-run,0,,2026-09-22T22:12:58.494Z,2026-09-22T22:13:00.346Z,,
As7SfJTWWiqxYwtbFcqQd2GT83k9Xr8X2G4ag4sEpump,CLOSED,0.03,3.279331303548037e-7,2.1055301544842837e-7,STOP_LOSS,-0.010738175320625017,0.000570336382958474,-0.01130851170358349,-37.69503901194497,0,-35.79391773541673,798,,85,0,,,0.000020336382958473946,dry-run,0,,2026-09-22T22:13:59.073Z,2026-09-22T22:13:59.871Z,,
DJMuhJue9mH5Z4igtEigiVi7QFZFheBUeVk7WrMeCgfT,CLOSED,0.03,3.3123286449591036e-7,2.7975841472849596e-7,STOP_LOSS,-0.004662078128547231,0.0005735910030933279,-0.005235669131640559,-17.452230438801863,0.13602580276144602,-15.540260428490768,15448,,85,0,laserstream,pumpswap,0.00002359100309332792,dry-run,0,,2026-09-22T22:29:00.559Z,2026-09-22T22:29:16.007Z,,
42oZyfUViDXhfgE814YPyfX4knaNMg9ntmTeZyirpump,CLOSED,0.03,3.2578953406476563e-7,3.8292092763417745e-7,TAKE_PROFIT_1,0.005260886639598527,0.0005801917208908128,0.004680694918707714,15.60231639569238,17.536288798661754,-2.5144476684210737,105039,,85,0,,,0.000030191720890812827,dry-run,0,,2026-09-22T22:40:12.029Z,2026-09-22T22:41:57.068Z,,
CXD6HQybwiJ36vbyPZiqZFaZ72iyGoJKr7SdZNmjpump,CLOSED,0.03,1.5989798393969116e-7,2.083113180804311e-7,TAKE_PROFIT_1,0.00908329166157593,0.0005991424055370968,0.008484149256038832,28.280497520129444,30.27763887191976,0,440,,85,0,laserstream,pumpswap,0.00004914240553709678,dry-run,0,,2026-09-22T23:02:04.506Z,2026-09-22T23:02:04.946Z,,
Gyj99AmGb3A39NCG6VXam8HMVWu38ZBsWhVXzz2upump,CLOSED,0.015,3.2578953422909617e-7,3.80182714433054e-7,TAKE_PROFIT_1,0.002504370513282439,0.00048250709434934037,0.0020218634189330983,13.47908945955399,16.695803421882914,-4.369380407023564,21988,,70,0,,,0.0000075070943493403635,dry-run,1,"[""relaxed_h5_top10""]",2026-09-22T23:04:21.042Z,2026-09-22T23:04:43.030Z,,
DbnHu8ZY1S7ymymbAvo3zpN3s5QRNNDXWqfNwHzNpump,CLOSED,0.015,3.401778504842105e-7,2.8367836512914215e-7,STOP_LOSS,-0.002491321169557929,0.00048076442351329155,-0.0029720855930712204,-19.813903953808136,9.328013687641029,-16.608807797052858,35919,,85,0,,,0.000005764423513291538,dry-run,1,"[""relaxed_h5_top10""]",2026-09-22T23:18:20.227Z,2026-09-22T23:18:56.146Z,,
5rKQpnQ8fAzVqqNbr6kBJZzjgY6j4cw9gNkxJ6TDpump,CLOSED,0.03,3.494347002603214e-7,2.9197472636624437e-7,STOP_LOSS,-0.004933108290442013,0.0005727400375432414,-0.005505848327985254,-18.35282775995085,4.246351450278844,-16.44369430147338,5666,,70,0,,,0.000022740037543241318,dry-run,0,,2026-09-22T23:21:07.584Z,2026-09-22T23:21:13.250Z,,
2YTnQkdXUv4WpGszQ6i9sPbcDEaLKkbVWt1cV4wYpump,CLOSED,0.03,3.3094578485059894e-7,3.8536279767112595e-7,TAKE_PROFIT_1,0.004932863506186624,0.0005797123538003037,0.00435315115238632,14.510503841287733,16.442878353955418,0,414,,85,0,,,0.000029712353800303747,dry-run,0,,2026-09-22T23:21:18.337Z,2026-09-22T23:21:18.751Z,,
zYiF3rA8aWYUuDek3Z3po9NF4V5UDky5nji7Wr6pump,CLOSED,0.03,3.257895391541807e-7,3.8202411372885355e-7,TAKE_PROFIT_1,0.0051783038879028905,0.0005801407948167215,0.004598163093086169,15.327210310287228,17.2610129596763,-3.0112493281863233,7860,,85,0,,,0.000030140794816721444,dry-run,0,,2026-09-22T23:22:38.938Z,2026-09-22T23:22:46.798Z,,
H5pXQ3n47xfirdt6vqme4QySrbKwG69SwBWo45N9CkLU,CLOSED,0.015,3.257895323344611e-7,3.8647310619812597e-7,TAKE_PROFIT_1,0.0027939928009120063,0.00048260739437666834,0.002311385406535338,15.409236043568919,18.626618672746705,-6.5369666668359985,21947,,85,0,,,0.000007607394376668341,dry-run,1,"[""relaxed_h5_top10""]",2026-09-22T23:27:33.002Z,2026-09-22T23:27:54.949Z,,
Btp7t7iMR9LGspbdJbZ1ZP3eauh9yvKDvp46ipVzpump,CLOSED,0.015,3.568292135894555e-7,2.5542169637616765e-7,STOP_LOSS,-0.004262859374371212,0.0004801324061712266,-0.004742991780542438,-31.619945203616258,5.314129673161382,-28.419062495808085,4210,,85,0,,,0.000005132406171226626,dry-run,1,"[""relaxed_h5_top10""]",2026-09-22T23:29:34.812Z,2026-09-22T23:29:39.022Z,,
A8MtfiyQLFFt5viXzdpqnem9QSpqTrkiy7bV5hRSpump,CLOSED,0.03,3.3875506527417534e-7,4.095392310094663e-7,TAKE_PROFIT_1,0.0062686146710161485,0.0005802304115878368,0.005688384259428312,18.96128086476104,20.895382236720494,-14.68181480028387,15842,,85,0,,,0.00003023041158783677,dry-run,0,,2026-09-22T23:34:36.839Z,2026-09-22T23:34:52.681Z,,
GmXUcQygAP6kfuDJCHhxRoYY4nV1LRiCMhL49XXgpump,CLOSED,0.03,3.40225910809336e-7,3.924812661015336e-7,TAKE_PROFIT_1,0.004607705083474524,0.0005790402101767689,0.004028664873297756,13.42888291099252,15.359016944915076,-0.5802967855288993,36717,,85,0,,,0.000029040210176768804,dry-run,0,,2026-09-22T23:35:44.625Z,2026-09-22T23:36:21.342Z,,
sshwgevFdLoifbPp1yzWGEkWZipTqTDaHQTyBX6iYs6,CLOSED,0.03,3.1218524890202673e-7,2.556341989401294e-7,STOP_LOSS,-0.005434374317248232,0.0005739208367680908,-0.006008295154016323,-20.027650513387744,5.721198330485802,-18.1145810574941,7502,,85,0,helius-ws,pumpswap,0.000023920836768090793,dry-run,0,,2026-09-22T23:36:16.841Z,2026-09-22T23:36:24.343Z,,
4jRg4s3cQRELT7BBKPZVrWwsemxgWhQZCGQjYzR6pump,CLOSED,0.03,3.440192528805561e-7,3.2119999030792237e-7,TRAILING_STOP,-0.0019899405961930207,0.0005746679618162051,-0.002564608558009226,-8.548695193364086,12.743608981118385,-6.633135320643406,4890,,85,0,,,0.00002466796181620505,dry-run,0,,2026-09-22T23:47:08.276Z,2026-09-22T23:47:13.166Z,,
44jomynNctNV7PjqhXRHyZ7WEfXUqv6TQ5v7LruKpump,CLOSED,0.03,3.2686046261508704e-7,3.785131282493164e-7,TAKE_PROFIT_1,0.004740799656921723,0.0005797799215330225,0.004161019735388701,13.870065784629002,15.802665523072415,-14.92508232045584,230847,,85,0,,,0.000029779921533022502,dry-run,0,,2026-09-22T23:57:47.297Z,2026-09-23T00:01:38.144Z,,
rxnheyjVinxtpp9DDUEFxJicLFjnb7PZWLjHemWpump,CLOSED,0.03,3.3094596065989297e-7,2.767339535910068e-7,STOP_LOSS,-0.004914277269992017,0.0005734535599886468,-0.005487730829980664,-18.292436099935546,1.5834432126712983,-16.380924233306725,5196,,85,0,,,0.00002345355998864679,dry-run,0,,2026-09-23T00:01:35.447Z,2026-09-23T00:01:40.643Z,,
4LtmgZVddkrZTT3QUEauVUxVJMnBBRiMYJ9Wx3sfpump,CLOSED,0.03,4.30894257530234e-7,5.337866744611531e-7,TAKE_PROFIT_1,0.007163642712762281,0.0005770285571530418,0.006586614155609239,21.955380518697464,23.878809042540937,0,383,,85,0,laserstream,pumpswap,0.00002702855715304184,dry-run,0,,2026-09-23T00:04:18.838Z,2026-09-23T00:04:19.221Z,,
3d4K8PGBcnJ4sApcx1VX6yiWjnx9oCYYjjgSB4hZPJFY,CLOSED,0.015,3.2578953962300626e-7,2.6646395539945446e-7,STOP_LOSS,-0.00273146818766196,0.00048083539991338386,-0.003212303587575344,-21.415357250502293,7.3143570083653655,-18.209787917746397,14357,,85,0,,,0.000005835399913383883,dry-run,1,"[""relaxed_h5_top10""]",2026-09-23T00:06:04.932Z,2026-09-23T00:06:19.289Z,,
25WqFGy3G86FvhrHEW9C16CchKT7ehLKq3pUXAdYpump,CLOSED,0.015,3.257895321652972e-7,4.2331892837416985e-7,TAKE_PROFIT_1,0.004490447969306858,0.00048320910011289314,0.004007238869193965,26.71492579462643,29.936319795379042,0,1293,,85,0,,,0.000008209100112893153,dry-run,1,"[""relaxed_h5_top10""]",2026-09-23T00:13:31.262Z,2026-09-23T00:13:32.555Z,,
3fxv1sKR8QYdBGho83tK36NXvnF1kWUf5qxL91AfJwbW,CLOSED,0.015,3.257895392073465e-7,2.740559880871604e-7,STOP_LOSS,-0.0023819158487741066,0.000480938618938844,-0.0028628544677129506,-19.085696451419672,6.28469470759134,-15.87943899182737,24189,,85,0,,,0.0000059386189388439956,dry-run,1,"[""relaxed_h5_top10""]",2026-09-23T00:14:44.406Z,2026-09-23T00:15:08.595Z,,
5aBgdeBewscbcGFR9sHBnw6HrQKWwSKBHVrFaumjpump,CLOSED,0.03,3.426458884863976e-7,4.675734061625769e-7,TAKE_PROFIT_1,0.010937897275934074,0.0005833244077781878,0.010354572868155887,34.51524289385296,36.459657586446916,0,1068,,85,0,laserstream,pumpswap,0.0000333244077781878,dry-run,0,,2026-09-23T00:17:16.114Z,2026-09-23T00:17:17.182Z,,
7Av2nsdTFLwo8Vb5CFE7iLw1NvLxkaePuoy4uWHtpump,CLOSED,0.015,3.257895338231029e-7,2.7586426582697393e-7,STOP_LOSS,-0.002298658926067774,0.0004809636219324177,-0.002779622548000192,-18.530816986667947,3.0585271394958613,-15.324392840451829,954,,85,0,,,0.000005963621932417715,dry-run,1,"[""relaxed_h5_top10""]",2026-09-23T00:22:21.383Z,2026-09-23T00:22:22.337Z,,
3WiAnawFC9sQapbQRDz5q2J5z9YC4QbwD8ZRu8Ccpump,CLOSED,0.03,3.165613307565111e-7,2.2261139172182742e-7,STOP_LOSS,-0.008903482191918156,0.0005717410196915456,-0.009475223211609702,-31.584077372032336,0,-29.678273973060527,1547,,85,0,,,0.000021741019691545473,dry-run,0,,2026-09-23T00:37:08.334Z,2026-09-23T00:37:09.881Z,,
3myTmnz8aNNuqebrrB5DSJrkYLPGfibGRwnH54Bv4hUC,CLOSED,0.03,3.2578953528757855e-7,3.9351541560571764e-7,TAKE_PROFIT_1,0.006236469221611731,0.000580875676707416,0.005655593544904315,18.851978483014385,20.78823073870577,0,1279,,85,0,,,0.00003087567670741597,dry-run,0,,2026-09-23T00:37:43.618Z,2026-09-23T00:37:44.897Z,,
2MWQZaDa8DKKq5c6Lkr7n1KJJKwQ1QaH3r3kZjexpump,CLOSED,0.015,3.257895355437409e-7,2.698289875509326e-7,STOP_LOSS,-0.002576535242272768,0.00048088140491792596,-0.0030574166471906937,-20.382777647937957,2.5872051338297477,-17.176901615151785,21851,,85,0,,,0.000005881404917925954,dry-run,1,"[""relaxed_h5_top10""]",2026-09-23T00:42:32.248Z,2026-09-23T00:42:54.099Z,,
z9qoJrwtutG9roqCvaiUyW9aHWmBHLv8XYMj1sspump,CLOSED,0.03,4.472179736263853e-7,5.520206715506945e-7,TAKE_PROFIT_1,0.007030309878278515,0.0005763917928971132,0.006453918085381402,21.513060284604673,23.43436626092838,-6.901453980724205,19397,,85,0,laserstream,pumpswap,0.000026391792897113145,dry-run,0,,2026-09-23T00:49:36.401Z,2026-09-23T00:49:55.798Z,,
52LsjstuAtfqtqmW8Wawa7rWFeqioTsBuexKuwvpL5yj,CLOSED,0.015,1.9651848648013248e-7,1.9065337148807974e-7,TRAILING_STOP,-0.0004476765848167946,0.0004836942816165695,-0.000931370866433364,-6.20913910955576,12.792032046776145,-2.9845105654452966,6504,,85,0,laserstream,pumpswap,0.000008694281616569503,dry-run,1,"[""relaxed_h5_top10""]",2026-09-23T00:50:29.834Z,2026-09-23T00:50:36.338Z,,
A4hXGNeJzHh3Gg6nqjzBs9QTrEFRDiEUKm3id9vVpump,CLOSED,0.015,3.2578953757854036e-7,3.8936855922733317e-7,TAKE_PROFIT_1,0.0029273049460711454,0.00048265437821962164,0.0024446505678515237,16.29767045234349,19.51536630714096,-0.8832226304239358,5851,,85,0,,,0.000007654378219621637,dry-run,1,"[""relaxed_h5_top10""]",2026-09-23T00:52:41.112Z,2026-09-23T00:52:46.963Z,,
4wYd4vPhzaUQs5vqUrEJ7CPtKg1qzXHhauERuh4MiNMB,CLOSED,0.03,3.2578953763170613e-7,3.8403275785891626e-7,TAKE_PROFIT_1,0.00536326801504462,0.0005802648722642811,0.004783003142780339,15.943343809267796,17.877560050148723,-9.930944808429592,26434,,85,0,,,0.000030264872264281095,dry-run,0,,2026-09-23T01:05:38.680Z,2026-09-23T01:06:05.114Z,,
2uAShfWGvJ1uwHQ4gftsvoYXdayK2hwDQZXTFnmhpump,CLOSED,0.03,3.420571026479254e-7,3.965886018993223e-7,TAKE_PROFIT_1,0.004782666300093645,0.0005790727324672496,0.004203593567626395,14.01197855875465,15.942221000312157,0,4132,,85,0,,,0.000029072732467249575,dry-run,0,,2026-09-23T01:10:52.148Z,2026-09-23T01:10:56.280Z,,
D9Jo3kpeynJtd5H2Dgg56wLcPJHC1VdHqHEFNAep8hDq,CLOSED,0.03,3.257895321507975e-7,2.496568147700165e-7,STOP_LOSS,-0.007010604381132321,0.0005724438901969342,-0.007583048271329255,-25.27682757109752,6.797277692015193,-23.368681270441073,12173,,85,0,helius-ws,pumpswap,0.000022443890196934194,dry-run,0,,2026-09-23T01:12:38.161Z,2026-09-23T01:12:50.334Z,,
8onYGC1PtJtQGq6TpBDGLDFJAUJHhV7Dfsc5Knxhwg5n,CLOSED,0.015,3.2578953162880624e-7,1.7997775015246013e-7,EMERGENCY_EXIT,-0.006713465319804038,0.00047976313339731795,-0.007193228453201356,-47.954856354675705,0,-44.75643546536026,579,,85,0,,,0.000004763133397317966,dry-run,1,"[""relaxed_h5_top10""]",2026-09-23T01:13:31.440Z,2026-09-23T01:13:32.019Z,,
6ui58Bm4USEz8wptNUQNtgu7HkBcnx24nMdUeNHPpump,CLOSED,0.03,3.3929129168026004e-7,4.4705012118225336e-7,TAKE_PROFIT_1,0.00952799250770715,0.000582489730198986,0.008945502777508163,29.81834259169388,31.759975025690512,0,6543,,85,0,laserstream,pumpswap,0.000032489730198985905,dry-run,0,,2026-09-23T01:16:44.584Z,2026-09-23T01:16:51.127Z,,
ACHwrT3qLEMisoZHqHvuZuJNNdp44i9skeG74NSopump,CLOSED,0.03,3.257895367955534e-7,2.713956111434727e-7,STOP_LOSS,-0.005008809630944209,0.0005736047892478292,-0.005582414420192038,-18.608048067306797,6.544892469629916,-16.696032103147367,3732,,85,0,,,0.000023604789247829167,dry-run,0,,2026-09-23T01:29:10.763Z,2026-09-23T01:29:14.495Z,,
AzigM9oCJjXo3xdDfoUC9CsKkp7WFDLLZF9a4b81mpya,CLOSED,0.015,3.257895326631223e-7,2.672241837658159e-7,STOP_LOSS,-0.0026964654950040255,0.000480846263122501,-0.0031773117581265263,-21.182078387510174,0,-17.97643663336017,7965,,85,0,,,0.000005846263122501023,dry-run,1,"[""relaxed_h5_top10""]",2026-09-23T01:33:37.683Z,2026-09-23T01:33:45.648Z,,
9ekRaDZHa5VTFiR37CakbnnN7HoqwqC83SaMmAc8pump,CLOSED,0.03,3.3575380640253744e-7,3.8886795741773575e-7,TAKE_PROFIT_1,0.0047458122590740845,0.000579348406490106,0.004166463852583979,13.888212841946595,15.81937419691362,-1.344410318137721,131576,,85,0,,,0.000029348406490106065,dry-run,0,,2026-09-23T01:34:54.137Z,2026-09-23T01:37:05.713Z,,
eBVREVEKk157f1DCqadkZ7przqHscjPwfvYgftCpump,CLOSED,0.03,3.8047651387469586e-7,3.0733308708672507e-7,STOP_LOSS,-0.005767249024894566,0.000571239014495575,-0.006338488039390141,-21.128293464633803,0,-19.22416341631522,484,,85,0,laserstream,pumpswap,0.000021239014495574914,dry-run,0,,2026-09-23T01:40:14.405Z,2026-09-23T01:40:14.889Z,,
GC1H9BpK5HJev47j6hR9sdLw9ChMbp94dm2JYaj5pump,CLOSED,0.03,3.257895315176413e-7,2.4572495832616136e-7,STOP_LOSS,-0.007372665366365019,0.0005722403835958017,-0.007944905749960821,-26.48301916653607,11.724740084652575,-24.575551221216728,5209,,85,0,,,0.000022240383595801737,dry-run,0,,2026-09-23T01:47:15.413Z,2026-09-23T01:47:20.622Z,,
BQtbEDcZRciafnXk5t5pFFaAiDkBAGufsRV3Ms9GJbiU,CLOSED,0.03,3.257895388255196e-7,2.7426487321603863e-7,STOP_LOSS,-0.004744596692259872,0.0005737613348050981,-0.0053183580270649705,-17.72786009021657,4.040830428981175,-15.815322307532906,12109,,85,0,,,0.000023761334805098062,dry-run,0,,2026-09-23T01:57:13.529Z,2026-09-23T01:57:25.638Z,,
5aSt1VE6LmtQzMoeXyRL7WCBUTZd8DPCiitBRHDPpump,CLOSED,0.03,3.1814510061409903e-7,2.6635038981379816e-7,STOP_LOSS,-0.004884064915693269,0.0005739950880287122,-0.005458060003721982,-18.19353334573994,9.556007981815332,-16.28021638564423,14727,,85,0,,,0.000023995088028712198,dry-run,0,,2026-09-23T02:00:19.510Z,2026-09-23T02:00:34.237Z,,
GL9yitmUAbREY5MmFftvhpmF3ogU2RMkUPxRmBQ8pump,CLOSED,0.015,2.8935869666636556e-7,2.3015377682618555e-7,STOP_LOSS,-0.00306911044262361,0.0004811330674284687,-0.0035502435100520785,-23.66829006701386,0,-20.4607362841574,420,,65,0,,,0.000006133067428468674,dry-run,1,"[""relaxed_h5_top10""]",2026-09-23T02:03:51.033Z,2026-09-23T02:03:51.453Z,,
7u8t9TxomiBxwkBX4mZSxWzoq2V8f6avU8i79e6Bpaid,CLOSED,0.015,3.2578953111648143e-7,2.755828344157326e-7,STOP_LOSS,-0.0023116164842079344,0.00048095986305259937,-0.002792576347260534,-18.61717564840356,0,-15.410776561386234,444,,85,0,,,0.000005959863052599354,dry-run,1,"[""relaxed_h5_top10""]",2026-09-23T02:16:01.970Z,2026-09-23T02:16:02.414Z,,
EdGFwugeYXgSkmcL8qKp99EETXyjAJAe6h9PBE8Zpump,CLOSED,0.03,3.3094578550786724e-7,4.0944111146195483e-7,TAKE_PROFIT_1,0.007115545451074037,0.0005812233976018829,0.006534322053472154,21.781073511573847,23.718484836913447,0,4077,,85,0,,,0.00003122339760188284,dry-run,0,,2026-09-23T02:27:39.967Z,2026-09-23T02:27:44.044Z,,
5pyRnzHDPwMYE6ZyXFtFTLnP42cYKJsjHFb6oQCaBjSJ,CLOSED,0.03,3.2578953248912516e-7,2.70820789354033e-7,STOP_LOSS,-0.005061741184418842,0.0005735686957858871,-0.005635309880204729,-18.7843662673491,9.876053374109206,-16.87247061472948,29190,,85,0,,,0.000023568695785887045,dry-run,0,,2026-09-23T02:30:21.529Z,2026-09-23T02:30:50.719Z,,
HbuitcSeqgjZxdcYkFGTHxY7fPLAYsSCbYir8Suvpump,CLOSED,0.03,2.9559912542228465e-7,2.405325679493e-7,STOP_LOSS,-0.005588638741165231,0.0005745713188790401,-0.0061632100600442705,-20.544033533480903,3.611640971398312,-18.6287958038841,6006,,85,0,,,0.000024571318879040048,dry-run,0,,2026-09-23T02:32:44.982Z,2026-09-23T02:32:50.988Z,,
HZvu6ZdgnHrwWfBX3ni7C4h9MUvHbTqU5uqZ2ULupump,CLOSED,0.03,3.446960541850449e-7,3.9882045748506457e-7,TAKE_PROFIT_1,0.004710619919452033,0.000578897376734437,0.004131722542717596,13.772408475725321,15.70206639817344,-8.96502200515472,56247,,85,0,,,0.000028897376734436956,dry-run,0,,2026-09-23T02:35:29.875Z,2026-09-23T02:36:26.122Z,,
7qgre5rs6mJQE3LmyXhpWuKYFKwDQabFKr2ELXnBG1Qq,CLOSED,0.03,3.257895355920735e-7,2.641220414840497e-7,STOP_LOSS,-0.00567858884687187,0.0005732133296956113,-0.006251802176567482,-20.839340588558276,0,-18.9286294895729,3168,,85,0,,,0.000023213329695611354,dry-run,0,,2026-09-23T02:40:33.592Z,2026-09-23T02:40:36.760Z,,
5MSQU6ojDVGAwH4Uy3DFPH9PpYLZA7XvzKqhstpnpump,CLOSED,0.03,3.6094266614671287e-7,4.5177456753097025e-7,TAKE_PROFIT_1,0.007549556472828025,0.0005800520484262023,0.006969504424401822,23.231681414672742,25.165188242760088,0,9381,,85,0,laserstream,pumpswap,0.000030052048426202362,dry-run,0,,2026-09-23T02:53:31.551Z,2026-09-23T02:53:40.932Z,,
7dKWES33qzowgdyfkoDHkVVKBh6ucWPnxLjjjzLQpump,CLOSED,0.03,3.9634496466612374e-8,6.100862149890529e-8,TAKE_PROFIT_1,0.016178425566953945,0.0006447311729730488,0.015533694393980897,51.778981313269654,53.928085223179835,0,256,,61,0,laserstream,pumpswap,0.00009473117297304878,dry-run,0,,2026-09-23T02:57:25.821Z,2026-09-23T02:57:26.077Z,,
HcfGhsRejA4fUiHjSyeyaaUPWmARKBgTvRSitNxspump,CLOSED,0.015,3.257895377283712e-7,2.576379521291177e-7,STOP_LOSS,-0.0031378349075197407,0.000480718035368487,-0.0036185529428882277,-24.12368628592152,5.085843794378878,-20.918899383464947,3957,,85,0,,,0.0000057180353684870004,dry-run,1,"[""relaxed_h5_top10""]",2026-09-23T03:06:46.901Z,2026-09-23T03:06:50.858Z,,
9YnFTRux4KHHsBXPeG8Cim7Rq3nST7Aunf38Y6Ehpump,CLOSED,0.03,4.4820065565166654e-7,5.627344804289514e-7,TAKE_PROFIT_1,0.007666242117211348,0.0005767537356659281,0.00708948838154542,23.631627938484733,25.554140390704493,0,3383,,85,0,laserstream,pumpswap,0.000026753735665928006,dry-run,0,,2026-09-23T03:20:41.423Z,2026-09-23T03:20:44.806Z,,
FVbnug6LhGWNxaEV8bSphUTdg7rvnJpCtHDfFVrcpump,CLOSED,0.03,4.6794406057402137e-7,7.086423817513878e-7,TAKE_PROFIT_1,0.015431224036614845,0.0005809113949682022,0.014850312641646643,49.50104213882214,51.43741345538282,0,1613,,85,0,laserstream,pumpswap,0.00003091139496820213,dry-run,0,,2026-09-23T03:30:57.043Z,2026-09-23T03:30:58.656Z,,
FDSbXaZMvd7Xf226Bu1WPZb4eX28WpsBcTtDcPh7pump,CLOSED,0.03,3.2578953448525857e-7,2.700049263976817e-7,STOP_LOSS,-0.005136869252941061,0.000573530605293795,-0.005710399858234856,-19.034666194116188,0,-17.12289750980354,637,,85,0,,,0.000023530605293794918,dry-run,0,,2026-09-23T03:31:08.525Z,2026-09-23T03:31:09.162Z,,
Fo5L1FzuvesFKxMw7wxDHLQoUYxNwEKpF2j1v3uDpump,CLOSED,0.03,3.1910918554272674e-7,3.315727478607593e-7,TRAILING_STOP,0.0011717207980241984,0.0005777655611554154,0.000593955236868783,1.97985078956261,14.925745220269562,-0.06744182671693676,19082,,85,0,,,0.000027765561155415385,dry-run,0,,2026-09-23T03:37:53.915Z,2026-09-23T03:38:12.997Z,,
8gdYSwpdhgGLfskC4P7A2xvjHSBjjBVx5Exw7yCYBVy3,CLOSED,0.015,3.25789532083132e-7,2.7528841758968946e-7,STOP_LOSS,-0.002325172059881721,0.00048095518725572317,-0.002806127247137444,-18.707514980916294,7.07565073092149,-15.50114706587814,21586,,85,0,,,0.000005955187255723152,dry-run,1,"[""relaxed_h5_top10""]",2026-09-23T03:42:00.045Z,2026-09-23T03:42:21.631Z,,
2vjvmoA3i2dZTn3Z8FAPhKcGEH9F5LGhK4iS7v61pump,CLOSED,0.015,3.257895305316578e-7,3.97153420195355e-7,TAKE_PROFIT_1,0.0032857358651414326,0.0004827797090651282,0.0028029561560763043,18.68637437384203,21.90490576760956,0,1244,,65,0,,,0.000007779709065128212,dry-run,1,"[""relaxed_h5_top10""]",2026-09-23T03:46:42.139Z,2026-09-23T03:46:43.383Z,,
J9ixTi8z9F1inuDLGzxp8rdq2Un5v8FwkcNcSxPKpump,CLOSED,0.03,3.654455044694246e-7,4.359456739432957e-7,TAKE_PROFIT_1,0.005787470521184336,0.0005786750617890701,0.005208795459395266,17.362651531317557,19.291568403947792,-5.397727758554812,17163,,70,0,,,0.000028675061789070048,dry-run,0,,2026-09-23T03:49:44.340Z,2026-09-23T03:50:01.503Z,,
KnTsvviEaBS5AE1wxyH6xU7bvMgqLocDANwgXnEpump,CLOSED,0.03,3.654107466568137e-7,4.6417577312196526e-7,TAKE_PROFIT_1,0.008108548588302164,0.0005802202289594582,0.007528328359342706,25.094427864475687,27.028495294340555,-12.970423351068957,25980,,85,0,,,0.00003022022895945809,dry-run,0,,2026-09-23T03:51:05.573Z,2026-09-23T03:51:31.553Z,,
4aTNmgbgAP6jdPNd518jr6hYayF9gPdcpJTURN9Nh9Hs,CLOSED,0.015,3.1406213594995244e-7,2.6409640173237715e-7,STOP_LOSS,-0.0023864258930693383,0.00048106086965803716,-0.0028674867627273754,-19.116578418182502,3.537026327757123,-15.909505953795591,1008,,85,0,,,0.000006060869658037142,dry-run,1,"[""relaxed_h5_top10""]",2026-09-23T04:06:52.659Z,2026-09-23T04:06:53.667Z,,
ALgdf48gafcVFyGjft2ug8ijL3Rp3KukTuHXz5cjpump,CLOSED,0.015,3.2578953419526345e-7,2.596384965307906e-7,STOP_LOSS,-0.0030457257241798736,0.00048074467433223617,-0.00352647039851211,-23.5098026567474,0,-20.304838161199157,868,,85,0,,,0.000005744674332236196,dry-run,1,"[""relaxed_h5_top10""]",2026-09-23T04:26:31.028Z,2026-09-23T04:26:31.896Z,,
31jzM3PwdA7YbZHNyK4DCvXqLANpj9eEUMjzmkS1pump,CLOSED,0.015,3.0820782127450333e-7,2.472843807808941e-7,STOP_LOSS,-0.002965050022498365,0.00048095007512025096,-0.003446000097618616,-22.973333984124107,0,-19.7670001499891,1296,,85,0,,,0.0000059500751202509746,dry-run,1,"[""relaxed_h5_top10""]",2026-09-23T04:45:21.902Z,2026-09-23T04:45:23.198Z,,
7eEoDV89r45u4Rw2c4ThtGCFB1hA2L2cJeiHW8DdUDLs,CLOSED,0.015,3.2578953184146926e-7,2.762958572906633e-7,STOP_LOSS,-0.002278787516792736,0.00048096949242155577,-0.002759757009214292,-18.39838006142861,0,-15.19191677861824,20140,,85,0,,,0.000005969492421555771,dry-run,1,"[""relaxed_h5_top10""]",2026-09-23T05:03:50.492Z,2026-09-23T05:04:10.632Z,,
2Huhr8rHzgsiVF9zB9dBjECKwF4Le9TzBCoye4qGpump,CLOSED,0.015,3.279331335103923e-7,3.774397468400626e-7,TAKE_PROFIT_1,0.0022644835915048575,0.0004823983578372064,0.001782085233667651,11.880568224451007,15.096557276699047,-14.824533010561225,4026,,80,0,,,0.0000073983578372063885,dry-run,1,"[""relaxed_h5_top10""]",2026-09-23T05:17:23.718Z,2026-09-23T05:17:27.744Z,,
7SqrFaqjaWKPUon6xKmacxTd7f7TTpCZNw3Nd4V4pump,CLOSED,0.03,3.5305840212798677e-7,2.429907773545006e-7,STOP_LOSS,-0.00935264172528479,0.000570214409743046,-0.009922856135027837,-33.076187116759456,11.119483564291933,-31.175472417615968,9481,,85,0,laserstream,pumpswap,0.000020214409743046004,dry-run,0,,2026-09-23T05:20:58.643Z,2026-09-23T05:21:08.124Z,,
2wdbnK8CxneHNon21Bw7B93qZeABHmLCCrRLmWmXpump,CLOSED,0.03,3.502528608305517e-7,4.0700399159877405e-7,TAKE_PROFIT_1,0.004860870854871726,0.0005787413375135129,0.0042821295173582135,14.273765057860713,16.20290284957241,0,11328,,85,0,laserstream,pumpswap,0.00002874133751351288,dry-run,0,,2026-09-23T05:26:14.464Z,2026-09-23T05:26:25.792Z,,
EfAKYzhMeCLYMaoGSpKMUa6mez5wqJiNdYBAaFrWpump,CLOSED,0.015,3.5143499124371035e-7,2.670669973833656e-7,STOP_LOSS,-0.0036010071263153426,0.00048035311670233875,-0.0040813602430176815,-27.209068286784543,10.957147942581331,-24.00671417543562,2637,,85,0,,,0.000005353116702338725,dry-run,1,"[""relaxed_h5_top10""]",2026-09-23T05:29:16.745Z,2026-09-23T05:29:19.382Z,,
FpiJrucNh6QxJsJd2EEtoXTbDjvBqF8YhMNSVFRopump,CLOSED,0.03,3.2578953571773804e-7,2.754531636325622e-7,STOP_LOSS,-0.004635173929783948,0.0005738266856761329,-0.0052090006154600806,-17.363335384866936,1.4953220872508501,-15.450579765946495,24196,,85,0,,,0.000023826685676132814,dry-run,0,,2026-09-23T05:34:06.852Z,2026-09-23T05:34:31.048Z,,
45VyvV4cZCFRbaMVGKRY5x3ZGBVRjkNBQAwTq6v8pump,CLOSED,0.03,3.473685743247701e-7,4.0597124986829216e-7,TAKE_PROFIT_1,0.005061137927410655,0.0005790067692760103,0.004482131158134645,14.940437193782149,16.870459758035526,-12.290839512987075,14499,,85,0,laserstream,pumpswap,0.000029006769276010223,dry-run,0,,2026-09-23T05:43:35.842Z,2026-09-23T05:43:50.341Z,,
F3DQ89gp2Tt1PNGnL9VLMGyZw1jNeUJiLkHET8Capump,CLOSED,0.015,3.2793312490159754e-7,4.253065016998803e-7,TAKE_PROFIT_1,0.004453958874732528,0.00048316678433354786,0.00397079209039898,26.471947269326535,29.69305916488353,0,4613,,85,0,,,0.00000816678433354784,dry-run,1,"[""relaxed_h5_top10""]",2026-09-23T05:50:08.606Z,2026-09-23T05:50:13.219Z,,
DHuC3LS1YXkGuQGqPdJ5xLsTS5xwgDtYSiRgCmLgpump,CLOSED,0.015,3.3048851573604056e-7,4.2589437620837747e-7,TAKE_PROFIT_1,0.004330219777524905,0.00048308765730957747,0.0038471321202153278,25.64754746810219,28.868131850166034,0,589,,85,0,laserstream,pumpswap,0.000008087657309577487,dry-run,1,"[""relaxed_h5_top10""]",2026-09-23T05:55:18.778Z,2026-09-23T05:55:19.367Z,,
FsepMDDNkZWmPsGN73FMGGeoZwops9EB6qSTGPHhpump,CLOSED,0.03,3.388640370694926e-7,4.060133771498871e-7,TAKE_PROFIT_1,0.0059448037621021264,0.0005800022478279472,0.0053648015142741794,17.882671714247262,19.81601254034043,-6.235450302050201,36782,,85,0,laserstream,pumpswap,0.000030002247827947137,dry-run,0,,2026-09-23T06:15:56.265Z,2026-09-23T06:16:33.047Z,,
2666VMweJW2iDmeLy4sDqbEpvXkiRK9oHnyFMpJnLVKv,CLOSED,0.03,3.2840592212271844e-7,2.4348467072637073e-7,STOP_LOSS,-0.0077575870904618835,0.0005719277019084164,-0.0083295147923703,-27.765049307900995,0,-25.858623634872945,922,,85,0,,,0.000021927701908416394,dry-run,0,,2026-09-23T06:16:44.640Z,2026-09-23T06:16:45.562Z,,
7uNUAogctSAby1pZUAt2QmBpe2bradWeep78adZmpump,CLOSED,0.03,3.257895389898502e-7,3.760131960797285e-7,TAKE_PROFIT_1,0.004624794636955147,0.0005798066051729576,0.00404498803178219,13.483293439273966,15.415982123183827,-2.6697992668208004,13314,,73,0,,,0.000029806605172957623,dry-run,0,,2026-09-23T06:19:52.872Z,2026-09-23T06:20:06.186Z,,
CTm98SAYcj6nyuRZ4sHFgUZB17qTKbKa29HNhejqpump,CLOSED,0.03,3.4911569986141065e-7,2.577188948338139e-7,STOP_LOSS,-0.007853855188742192,0.0005711354963314535,-0.008424990685073646,-28.08330228357882,8.458191516044609,-26.179517295807315,9425,,85,0,helius-ws,pumpswap,0.00002113549633145355,dry-run,0,,2026-09-23T06:25:43.465Z,2026-09-23T06:25:52.890Z,,
3vD6LTH7Rvca5G4DcWwKAXWuZpcTrx4zN8KS81XvQxaW,CLOSED,0.03,3.2793313233734705e-7,2.707015922245206e-7,STOP_LOSS,-0.005235659450288662,0.0005733864776042099,-0.0058090459278928724,-19.363486426309574,0,-17.452198167628875,1096,,85,0,,,0.00002338647760420986,dry-run,0,,2026-09-23T06:32:18.593Z,2026-09-23T06:32:19.689Z,,
4sEXKWMhwUyMAKtK4naKbj9KP9Ye5W2jmkH75kfkList,CLOSED,0.03,3.2471882521681204e-7,2.5080135229693696e-7,STOP_LOSS,-0.006829059529011384,0.0005725916036022417,-0.007401651132613626,-24.67217044204542,4.594557007885045,-22.76353176337128,9497,,85,0,,,0.00002259160360224158,dry-run,0,,2026-09-23T06:40:32.029Z,2026-09-23T06:40:41.526Z,,
6GH3fLq5W1wHGTE6m2jmUMqBgHtB7sUeeLzRKt7opump,CLOSED,0.015,3.3875523893384327e-7,3.962007877554697e-7,TAKE_PROFIT_1,0.0025436749997914507,0.0004823601345812738,0.002061314865210177,13.742099101401179,16.957833331943,0,31521,,85,0,,,0.000007360134581273771,dry-run,1,"[""relaxed_h5_top10""]",2026-09-23T06:46:49.868Z,2026-09-23T06:47:21.389Z,,
Dx3d7t4a1KQAKWUJshkk1WdTUnhCLfmYgPUTqPQmpump,CLOSED,0.03,3.306761875551091e-7,3.8793264636442483e-7,TAKE_PROFIT_1,0.005194488835072854,0.0005799002981113543,0.0046145885369615,15.381961789871667,17.314962783576185,-2.5591736999064607,27741,,85,0,laserstream,pumpswap,0.000029900298111354255,dry-run,0,,2026-09-23T06:54:38.061Z,2026-09-23T06:55:05.802Z,,
J6Yf3tRj9qAJtYCDHfKGKk5yFaQKcXq6UTn4Adgvpump,CLOSED,0.03,3.497503462438197e-7,2.681588132774966e-7,STOP_LOSS,-0.006998552010820049,0.0005715773820561992,-0.007570129392876248,-25.233764642920832,8.980685912288425,-23.328506702733502,5962,,85,0,laserstream,pumpswap,0.000021577382056199144,dry-run,0,,2026-09-23T07:02:07.084Z,2026-09-23T07:02:13.046Z,,
FN2vUJ1MXxw9xV4RRp25nyfoT65f3VZhSq9ohEWvjtGL,CLOSED,0.03,3.257895318608023e-7,2.66002723208806e-7,STOP_LOSS,-0.005505407891148047,0.0005733137703712687,-0.0060787216615193155,-20.26240553839772,5.7507893378478725,-18.351359637160154,2691,,85,0,,,0.00002331377037126873,dry-run,0,,2026-09-23T07:06:22.601Z,2026-09-23T07:06:25.292Z,,
CwGLcEiTZJ2inndc8NBzKvsBBDGS1g613hWBFMxu3eiB,CLOSED,0.03,3.2578953218463026e-7,2.6620747059619937e-7,STOP_LOSS,-0.005486553959136854,0.000573325439220705,-0.006059879398357559,-20.1995979945252,0.02205334522243327,-18.28851319712285,1596,,85,0,,,0.000023325439220704977,dry-run,0,,2026-09-23T07:21:54.775Z,2026-09-23T07:21:56.371Z,,
97YAjtNhfNuPejut9qDPzDw1NSwtPTtmJggLEVjGpump,CLOSED,0.03,3.609794950334874e-7,3.571401453434447e-7,TRAILING_STOP,-0.0003190776547864493,0.000575011024051959,-0.0008940886788384084,-2.980295596128028,13.858679914652198,-10.979721794019309,10644,,80,0,laserstream,pumpswap,0.000025011024051959048,dry-run,0,,2026-09-23T07:24:55.313Z,2026-09-23T07:25:05.957Z,,
AHWDmozZb5ZVLs6VxkscGYWS5QN7TJqSTQSqnDxDpump,CLOSED,0.015,3.5275119877197173e-7,4.1773488077540254e-7,TAKE_PROFIT_1,0.0027632938837482755,0.0004822674430565578,0.0022810264406917177,15.206842937944787,18.421959224988512,-8.902288305460777,16188,,85,0,,,0.000007267443056557769,dry-run,1,"[""relaxed_h5_top10""]",2026-09-23T07:42:10.168Z,2026-09-23T07:42:26.356Z,,
JCvGrCbiHc84qCEDowgeuue7iXNoGgpCQstgoGYhFUCK,CLOSED,0.03,3.1011884990693923e-7,3.5847881609585444e-7,TAKE_PROFIT_1,0.00467820316663374,0.0005806258211518648,0.0040975773454818756,13.658591151606252,15.594010555445797,-1.8693023128515687,11923,,62,0,,,0.00003062582115186475,dry-run,0,,2026-09-23T07:45:12.024Z,2026-09-23T07:45:23.947Z,,
SXREo2hNDnWodyfXmmcseri2uvVF2kgDmGpMLSypump,CLOSED,0.015,3.6159148094071174e-7,4.3351310472436363e-7,TAKE_PROFIT_1,0.0029835447282887373,0.00048224246275632796,0.0025013022655324094,16.675348436882732,19.89029818859159,-6.414092984789714,25790,,85,0,,,0.000007242462756327987,dry-run,1,"[""relaxed_h5_top10""]",2026-09-23T07:46:43.746Z,2026-09-23T07:47:09.536Z,,
5HGgqq3jWwUXQNRq57U2tPgrxCuzBXb28TbTj97vpump,CLOSED,0.03,3.7718583523370484e-7,2.9792520466265234e-7,STOP_LOSS,-0.006304104489126096,0.0005710533233413376,-0.006875157812467433,-22.91719270822478,3.8555627357400883,-21.013681630420326,9505,,85,0,laserstream,pumpswap,0.000021053323341337588,dry-run,0,,2026-09-23T08:00:21.499Z,2026-09-23T08:00:31.004Z,,
AAjRHM6nDndwkyco18EwpWAv2L5XRcxqVS7U7LF5pump,CLOSED,0.03,3.629743492130635e-7,4.2514499025430306e-7,TAKE_PROFIT_1,0.0051384326062731646,0.0005783626801305832,0.004560069926142581,15.200233087141937,17.12810868757721,-2.9739768512401836,9434,,70,0,,,0.000028362680130583103,dry-run,0,,2026-09-23T08:15:57.525Z,2026-09-23T08:16:06.959Z,,
9RKqQdBQQjeksp4Jxd3uGsArck6rTXUSPrA1A6Cspump,CLOSED,0.03,3.418349460145407e-7,2.5048812332925974e-7,STOP_LOSS,-0.008016748177764889,0.00057129376766707,-0.008588041945431958,-28.626806484773194,8.959708844655843,-26.72249392588296,7796,,85,0,laserstream,pumpswap,0.000021293767667069955,dry-run,0,,2026-09-23T08:16:05.167Z,2026-09-23T08:16:12.963Z,,
4RngpYCuoVsRLcUXrV4rXD7Ae2yGLiNf7TST4tNLpump,CLOSED,0.03,3.1197286319792515e-7,2.6216524350108434e-7,STOP_LOSS,-0.004789610787260171,0.0005743167885859829,-0.005363927575846154,-17.879758586153844,10.495315412755962,-15.96536929086724,52225,,70,0,laserstream,pumpswap,0.000024316788585982876,dry-run,0,,2026-09-23T08:26:30.733Z,2026-09-23T08:27:22.958Z,,
2jcvq8QcJ8TzEYJKYMCjR61kXVSzib4mEkz89tQxpump,CLOSED,0.03,3.206348482599062e-7,3.731742697770019e-7,TAKE_PROFIT_1,0.004915818271366497,0.0005802204076556045,0.004335597863710892,14.451992879036307,16.38606090455499,-14.979666869266325,21166,,85,0,,,0.000030220407655604476,dry-run,0,,2026-09-23T08:32:22.964Z,2026-09-23T08:32:44.130Z,,
6oRNAXtD5T4SSA1JMjBSzHcSWm15LJcwW4fKag9Spump,CLOSED,0.03,3.580034285918982e-7,4.147009315979842e-7,TAKE_PROFIT_1,0.0047511419007149475,0.000578326324331533,0.004172815576383415,13.909385254611383,15.837139669049833,0,8798,,65,0,laserstream,pumpswap,0.00002832632433153291,dry-run,0,,2026-09-23T08:33:39.373Z,2026-09-23T08:33:48.171Z,,
4poCCxBJJcMMFJkUfoyBXFD86iUnY7nqZACZeZ1Epump,CLOSED,0.015,3.1879948931255296e-7,2.679647707603995e-7,STOP_LOSS,-0.002391850689367705,0.0004810085954524258,-0.0028728592848201308,-19.152395232134207,0,-15.945671262451363,956,,85,0,,,0.000006008595452425798,dry-run,1,"[""relaxed_h5_top10""]",2026-09-23T08:39:45.034Z,2026-09-23T08:39:45.990Z,,
7S4QXvmvBc4Lt4XvhLVfgbxyZNX7grgKipf7r8Dxpump,CLOSED,0.03,3.257895316094732e-7,3.3665723097430765e-7,TRAILING_STOP,0.0010007411206074267,0.0005773368611239729,0.00042340425948345377,1.4113475316115125,12.347849127417735,0,1760,,85,0,,,0.00002733686112397292,dry-run,0,,2026-09-23T08:41:40.807Z,2026-09-23T08:41:42.567Z,,
14B91ALy7fmzRmatmSD7XyYTut9323E47WqGyLyopump,CLOSED,0.03,3.5704323679239303e-7,3.6097536610709436e-7,TRAILING_STOP,0.0003303910207088756,0.0005755655152973762,-0.00024517449458850055,-0.8172483152950019,13.649149576759168,-0.01780851138140046,10135,,70,0,laserstream,pumpswap,0.00002556551529737615,dry-run,0,,2026-09-23T09:02:39.292Z,2026-09-23T09:02:49.427Z,,
A66wJeJLLHBY6R4hPfkvawPieYyM8HqJQv5XAdoYpump,CLOSED,0.03,3.5202683398424705e-7,3.477953277150461e-7,TRAILING_STOP,-0.0003606122483313534,0.0005753408954618246,-0.000935953143793178,-3.1198438126439267,14.836932042763143,-1.7377471941138596,17370,,85,0,laserstream,pumpswap,0.000025340895461824626,dry-run,0,,2026-09-23T09:17:32.060Z,2026-09-23T09:17:49.430Z,,
4BohhVPvbsyN9foDfGdt5D6sJU4yaEWH3MQRaZKkpump,CLOSED,0.03,3.3415101705567145e-7,3.9255548594586893e-7,TAKE_PROFIT_1,0.005243539529356,0.0005797644378554202,0.00466377509150058,15.5459169716686,17.478465097853334,0,1881,,85,0,,,0.00002976443785542011,dry-run,0,,2026-09-23T09:23:39.283Z,2026-09-23T09:23:41.164Z,,
7U9LREkxb89qZ29q7HoHoVuD7PSmDRTp3xDQQ9Q1pump,CLOSED,0.015,3.329137521336939e-7,2.37790490231582e-7,STOP_LOSS,-0.004285941687259209,0.0004803296113297509,-0.00476627129858896,-31.775141990593063,1.5701265520674548,-28.57294458172807,1305,,85,0,,,0.0000053296113297509376,dry-run,1,"[""relaxed_h5_top10""]",2026-09-23T09:24:18.459Z,2026-09-23T09:24:19.764Z,,
6To39VLFxMAWFVaySrowi8WukXeHB6GAyWirrnCrpump,CLOSED,0.03,3.2598183468748004e-7,2.107017381097062e-7,STOP_LOSS,-0.01060918900787462,0.0005704723747253106,-0.011179661382599931,-37.265537941999774,1.3545726272224023,-35.36396335958207,1060,,85,0,,,0.000020472374725310592,dry-run,0,,2026-09-23T09:30:38.411Z,2026-09-23T09:30:39.471Z,,
6e4kiW8dW67CiFLYUA68T4A1L57vqyyuRmfm3wo6pump,CLOSED,0.015,3.5684548910906197e-7,4.648995744854673e-7,TAKE_PROFIT_1,0.004542053438009733,0.0004828244551314495,0.004059228982878284,27.06152655252189,30.28035625339822,0,1309,,85,0,,,0.000007824455131449506,dry-run,1,"[""relaxed_h5_top10""]",2026-09-23T09:38:27.213Z,2026-09-23T09:38:28.522Z,,
6Xu3JF2fY8Fcvih5qCgUho6QVrAYad526B6VAYdFpump,CLOSED,0.03,3.6860497911738666e-7,2.922306436750837e-7,STOP_LOSS,-0.006215949846242904,0.0005713732065066354,-0.00678732305274954,-22.624410175831798,2.302659650183029,-20.719832820809685,8858,,80,0,,,0.000021373206506635312,dry-run,0,,2026-09-23T09:39:07.187Z,2026-09-23T09:39:16.045Z,,
5xxnT772vG9jMGJp7XNXkKzdErUFBnzGdszGL5mVpump,CLOSED,0.015,3.0549944733172127e-7,2.5555461171849324e-7,STOP_LOSS,-0.0024522876906711536,0.00048113483730437674,-0.0029334225279755302,-19.556150186503533,3.755113216178659,-16.348584604474357,14014,,85,0,,,0.000006134837304376738,dry-run,1,"[""relaxed_h5_top10""]",2026-09-23T09:48:21.127Z,2026-09-23T09:48:35.141Z,,
AChYy8M1xMYfoUrZTf6cZc4yQStbVMW9ZweWPMMqnqA9,CLOSED,0.015,3.257895345770904e-7,1.8179149796083507e-7,EMERGENCY_EXIT,-0.006629956827949376,0.0004797835816034939,-0.00710974040955287,-47.398269397019135,0,-44.19971218632917,844,,85,0,,,0.000004783581603493895,dry-run,1,"[""relaxed_h5_top10""]",2026-09-23T09:55:08.161Z,2026-09-23T09:55:09.005Z,,
AbRrcddzqTeCNokts2thcRsZR8PxTmakQV7G7VVJXzg6,CLOSED,0.015,3.265888736798972e-7,2.571850154423723e-7,STOP_LOSS,-0.0031876709755374465,0.0004806959156888418,-0.0036683668912262882,-24.45577927484192,0,-21.25113983691631,1287,,85,0,,,0.000005695915688841816,dry-run,1,"[""relaxed_h5_top10""]",2026-09-23T09:57:33.318Z,2026-09-23T09:57:34.605Z,,
25vdvxAatzG4WeeRAZjGZTDHGdMzKUnqkqQT4cXrpump,CLOSED,0.03,3.169929515256779e-7,2.6836134484557405e-7,STOP_LOSS,-0.00460246258909304,0.0005742141078118869,-0.005176676696904927,-17.25558898968309,3.692591649327219,-15.341541963643463,9590,,85,0,,,0.000024214107811886838,dry-run,0,,2026-09-23T10:05:29.403Z,2026-09-23T10:05:38.993Z,,
8gfTLThNUXpdvXvcZ8BpM76mHPo7AKBQA8CH5V6Lpump,CLOSED,0.015,3.34405481411472e-7,2.1355010799288466e-7,STOP_LOSS,-0.005421055281830735,0.0004800161145527406,-0.0059010713963834754,-39.34047597588984,0,-36.14036854553824,1306,,85,0,,,0.000005016114552740617,dry-run,1,"[""relaxed_h5_top10""]",2026-09-23T10:32:35.228Z,2026-09-23T10:32:36.534Z,,
FBpj8cg4yAxDUiQiDrM2kXkcnzyyR3qoNU1bHJgX4KSK,CLOSED,0.015,3.2961880560045e-7,3.8084516429775183e-7,TAKE_PROFIT_1,0.0023311636575461146,0.00048239825795218455,0.00184876539959393,12.325102663959534,15.541091050307438,-7.018269859648073,21095,,85,0,laserstream,pumpswap,0.000007398257952184538,dry-run,1,"[""relaxed_h5_top10""]",2026-09-23T13:32:17.422Z,2026-09-23T13:32:38.517Z,,
GUpj4DMVdL1B31XaBQUGWvCoViUEyc9CXqmkcYHJpump,CLOSED,0.03,3.308041925636835e-7,3.8634577132926196e-7,TAKE_PROFIT_1,0.005036959628758581,0.0005797895872810568,0.004457170041477524,14.85723347159175,16.789865429195267,0,3888,,85,0,,,0.000029789587281056806,dry-run,0,,2026-09-23T13:42:14.044Z,2026-09-23T13:42:17.932Z,,
9oQYZXcKoJuofoBJNAMHPhwDEP3bYCGMhgeYPQXNYnZQ,CLOSED,0.03,1.4720883543417264e-7,1.1462657329814035e-7,STOP_LOSS,-0.006640008129933634,0.000585748339123281,-0.0072257564690569155,-24.085854896856386,0,-22.133360433112113,923,,75,0,laserstream,pumpswap,0.00003574833912328094,dry-run,0,,2026-09-23T14:02:45.815Z,2026-09-23T14:02:46.738Z,,
FqRZnV1Z1aVXTBLxzZtdj8BCjDNMq1BLEwQP6z9Lpump,CLOSED,0.015,3.25789538221363e-7,3.890023733299714e-7,TAKE_PROFIT_1,0.0029104449817687547,0.00048264845766626385,0.002427796524102491,16.185310160683272,19.402966545125043,-12.760814693180384,7916,,65,0,,,0.000007648457666263867,dry-run,1,"[""relaxed_h5_top10""]",2026-09-23T14:14:39.133Z,2026-09-23T14:14:47.049Z,,
34izpwCZcRwaMULTjBNdheEKm7qV4kAhUc5Q18Jyby5M,CLOSED,0.03,3.2578953341227646e-7,2.5762068028647965e-7,STOP_LOSS,-0.006277259960914512,0.0005728664492209249,-0.0068501264101354375,-22.833754700451458,0,-20.924199869715046,8407,,85,0,,,0.000022866449220924857,dry-run,0,,2026-09-23T14:43:20.187Z,2026-09-23T14:43:28.594Z,,
FAkyTGdNTvS4s3JM9sRe7nfrpXDScLS9P6fSqq9Dpump,CLOSED,0.03,3.2578953638472694e-7,2.435289815801693e-7,STOP_LOSS,-0.007574880002353632,0.0005721287026877706,-0.008147008705041403,-27.156695683471344,0,-25.249600007845434,1421,,85,0,,,0.000022128702687770586,dry-run,0,,2026-09-23T14:45:33.340Z,2026-09-23T14:45:34.761Z,,
CSCF9gUpm3Z2mg6xiK2GXTfEdKgxPbaeU7XiJ3Mr3zPB,CLOSED,0.015,3.257895375012083e-7,2.5783492775562015e-7,STOP_LOSS,-0.003128765748593268,0.00048072072730444813,-0.003609486475897716,-24.06324317265144,0,-20.858438323955117,575,,76,0,,,0.000005720727304448139,dry-run,1,"[""relaxed_h5_top10""]",2026-09-23T15:00:36.311Z,2026-09-23T15:00:36.886Z,,
GsfgsZa1d6UwvoakfE6jwKA6mosvFSuaQ7sBCsuypump,CLOSED,0.03,3.257895311696472e-7,3.8117305206703797e-7,TAKE_PROFIT_1,0.005099935596323792,0.0005800878976821228,0.004519847698641669,15.06615899547223,16.999785321079305,0,6222,,85,0,,,0.000030087897682122763,dry-run,0,,2026-09-23T15:05:05.490Z,2026-09-23T15:05:11.712Z,,
D7w8owCGnhpUohkaRnq76rnC4RDE9QuVsGVXx5papump,CLOSED,0.03,3.458899139628399e-7,4.0605550440539126e-7,TAKE_PROFIT_1,0.0052183299957987645,0.0005791488875193194,0.004639181108279445,15.463937027598151,17.394433319329206,0,916,,85,0,laserstream,pumpswap,0.00002914888751931937,dry-run,0,,2026-09-23T15:15:22.908Z,2026-09-23T15:15:23.824Z,,
CcxugZKPsg28s7xDVR7KrQjmmoKZgitPZBmjBvknpump,CLOSED,0.03,3.2578953126631224e-7,2.724626552007649e-7,STOP_LOSS,-0.004910551532297947,0.0005736630865468657,-0.0054842146188448125,-18.280715396149375,11.546138812694863,-16.368505107659832,1267,,85,0,,,0.000023663086546865662,dry-run,0,,2026-09-23T15:25:51.703Z,2026-09-23T15:25:52.970Z,,
AzUXtPJAThjDLoNsJXZY9aiArB9UCU6CmzMP4YNxpump,CLOSED,0.03,3.62793159357914e-7,4.177914231545314e-7,TAKE_PROFIT_1,0.0045479024930312,0.0005780200442268086,0.003969882448804391,13.23294149601464,15.15967497677066,0,15802,,69,0,laserstream,pumpswap,0.000028020044226808565,dry-run,0,,2026-09-23T15:27:28.951Z,2026-09-23T15:27:44.753Z,,
J7EvdCzwtFTCw4MhU8KiYZBoVwnnG2ihLCYr5DyCpump,CLOSED,0.03,3.3292002775142705e-7,2.778258616418514e-7,STOP_LOSS,-0.004964630678576486,0.0005733468937546546,-0.00553797757233114,-18.459925241103804,0.3524168478899155,-16.54876892858828,5360,,85,0,laserstream,pumpswap,0.000023346893754654557,dry-run,0,,2026-09-23T15:30:02.459Z,2026-09-23T15:30:07.819Z,,
c4AtfqMRbC9FuHtVEHDhCm453tytU9E34MXXrp6bLuf,CLOSED,0.03,3.2664613743272107e-7,3.7714468132214827e-7,TAKE_PROFIT_1,0.0046379128453488926,0.0005797234659575112,0.004058189379391381,13.527297931304606,15.459709484496301,-2.4054951131829503,9782,,85,0,,,0.00002972346595751108,dry-run,0,,2026-09-23T15:50:57.413Z,2026-09-23T15:51:07.195Z,,
84TgGLh8Pgm9R9YYnmjD5Z18cy2gDUkjTr7B8Zjfpump,CLOSED,0.03,3.3301478177157054e-7,4.0164909743272844e-7,TAKE_PROFIT_1,0.006182997219766408,0.0005804635572897339,0.005602533662476674,18.67511220825558,20.609990732554685,-11.498695141157746,23516,,85,0,laserstream,pumpswap,0.000030463557289733928,dry-run,0,,2026-09-23T16:02:43.852Z,2026-09-23T16:03:07.368Z,,
5sj7hGXQVG2DXFT2TketJV8k4NAPdWBimw7A7Uq87u2L,CLOSED,0.015,3.2966362962704963e-7,3.886091938065426e-7,TAKE_PROFIT_1,0.0026820776792777445,0.00048251900272594154,0.0021995586765518028,14.663724510345352,17.880517861851622,-9.959188608111608,5608,,85,0,,,0.000007519002725941528,dry-run,1,"[""relaxed_h5_top10""]",2026-09-23T16:04:02.786Z,2026-09-23T16:04:08.394Z,,
D5Sd6RGFcsyCg4UgKMTax22ZYjBrivQXAAGAVAaQpump,CLOSED,0.03,3.3963615439879075e-7,3.9266441352615605e-7,TAKE_PROFIT_1,0.004683976523750866,0.0005791212253281633,0.0041048552984227025,13.682850994742344,15.61325507916954,0,1975,,85,0,,,0.000029121225328163268,dry-run,0,,2026-09-23T16:09:37.365Z,2026-09-23T16:09:39.340Z,,
EWdtpa8SAWoY64w7eeGseBxxNZgjV7FbfmzG5LCATr9C,CLOSED,0.03,3.2287646462861865e-7,3.307391780868067e-7,TRAILING_STOP,0.0007305623964167162,0.0005772958481267535,0.0001532665482899627,0.5108884942998757,12.89090274403952,-12.111130264367402,27262,,85,0,,,0.000027295848126753468,dry-run,0,,2026-09-23T16:18:12.558Z,2026-09-23T16:18:39.820Z,,
HRfNTqkzK4vrrLyq6dkaPSYFDrDZyKqdii6B3wRcpump,CLOSED,0.03,3.3598708709006914e-7,3.8784448561926486e-7,TAKE_PROFIT_1,0.004630302817140186,0.0005792597454731225,0.004051043071667063,13.503476905556877,15.434342723800615,0,16015,,75,0,laserstream,pumpswap,0.00002925974547312246,dry-run,0,,2026-09-23T16:24:37.836Z,2026-09-23T16:24:53.851Z,,
AcLikAFXDoE4Cpy72UMkujpp6k5hWtenGwTwNapzzDv2,CLOSED,0.015,3.257895350169164e-7,2.731201897039982e-7,STOP_LOSS,-0.0024250017105452762,0.0004809261876525896,-0.002905927898197866,-19.37285265465244,1.0902662723030003,-16.16667807030185,5211,,85,0,,,0.000005926187652589582,dry-run,1,"[""relaxed_h5_top10""]",2026-09-23T16:27:46.247Z,2026-09-23T16:27:51.458Z,,
pL5Ddecthcgrb1JgofYLyauAaFsNLaVatKtpevEpump,CLOSED,0.03,3.257895319961334e-7,3.91026493852831e-7,TAKE_PROFIT_1,0.006007279741953633,0.0005807172358056178,0.005426562506148015,18.08854168716005,20.02426580651212,0,1601,,85,0,,,0.00003071723580561771,dry-run,0,,2026-09-23T16:32:55.035Z,2026-09-23T16:32:56.636Z,,
774EtztiMf6Je8HQPhcioNCbv4sXVsp33FJVKGygpump,CLOSED,0.03,3.2482979080466834e-7,3.7954818898022864e-7,TAKE_PROFIT_1,0.00505357572407493,0.0005800078253898348,0.0044735678986850946,14.911892995616983,16.845252413583093,-8.498881044163968,24210,,69,0,laserstream,pumpswap,0.000030007825389834814,dry-run,0,,2026-09-23T16:35:44.040Z,2026-09-23T16:36:08.250Z,,
4zTioMaoihGd6GNEzCeQvD4s6CerLUNKxPnTuZa2pump,CLOSED,0.03,3.2107610708505113e-7,4.180334265027543e-7,TAKE_PROFIT_1,0.009059283821952507,0.0005831509025391492,0.008476132919413359,28.25377639804453,30.197612739841702,-1.2652754990553152,2508,,85,0,,,0.00003315090253914912,dry-run,0,,2026-09-23T16:39:44.729Z,2026-09-23T16:39:47.237Z,,
4Hg1HSPrtz2PrwyQJJvcchXGEQFWfgWcbvfZYXsipump,CLOSED,0.03,3.026288480035042e-7,3.6105401069271403e-7,TAKE_PROFIT_1,0.005791764044437693,0.0005818373301603923,0.005209926714277301,17.366422380924337,19.30588014812565,-6.992633627815116,11875,,69,0,laserstream,pumpswap,0.00003183733016039221,dry-run,0,,2026-09-23T16:39:59.380Z,2026-09-23T16:40:11.255Z,,
4WECKfvfgEiojyZJq5Xm12Hvk76rhM4VHQAZGaELpump,CLOSED,0.03,9.138157125286271e-7,0.0000010518066725551518,TAKE_PROFIT_1,0.004530157168495892,0.000566955692912863,0.003963201475583029,13.210671585276765,15.100523894986312,0,11578,,65,0,laserstream,pumpswap,0.00001695569291286297,dry-run,0,,2026-09-23T16:44:24.323Z,2026-09-23T16:44:35.901Z,,
4oQSUhCdCUpiDy6J7fD64ADqCbzzn1FpvwR699KLpump,CLOSED,0.03,3.329200086692078e-7,2.741869323888556e-7,STOP_LOSS,-0.0052925394765362295,0.0005731564453838639,-0.005865695921920093,-19.552319739733644,1.8350291688259472,-17.64179825512077,3879,,85,0,,,0.00002315644538386392,dry-run,0,,2026-09-23T16:46:30.230Z,2026-09-23T16:46:34.109Z,,
2nUNfSaxYxqhjqkW2Db8STvWiS4mzVWQXVC1QoMq9n67,CLOSED,0.03,3.305610441499006e-7,2.6314433450421797e-7,STOP_LOSS,-0.0061183897049082656,0.0005727718620901334,-0.006691161566998399,-22.303871889994664,0.43046434288641294,-20.394632349694216,7157,,85,0,,,0.000022771862090133305,dry-run,0,,2026-09-23T16:48:34.511Z,2026-09-23T16:48:41.668Z,,
Gsh8GRvjrwH2FtNSFJtEudBGN1dhsaCcsYaZ2N4gpump,CLOSED,0.03,3.337862536707418e-7,4.176340937917161e-7,TAKE_PROFIT_1,0.007536065898359432,0.0005813657125107482,0.006954700185848683,23.182333952828944,25.120219661198117,-11.29674775877381,3902,,85,0,,,0.000031365712510748205,dry-run,0,,2026-09-23T16:58:29.182Z,2026-09-23T16:58:33.084Z,,
8HuqgVyrcaBSKb6WNwhcLPqNTuVqYfWQcSPiTVF7pump,CLOSED,0.03,3.257895353600773e-7,3.766246900385136e-7,TAKE_PROFIT_1,0.0046811038257184336,0.0005797998788161281,0.004101303946902305,13.671013156341019,15.60367941906144,0,1856,,82,0,,,0.00002979987881612813,dry-run,0,,2026-09-23T17:03:53.606Z,2026-09-23T17:03:55.462Z,,
DBBUxu2rAiESswxE4WRU2trsFYmZjiTEYNYcaYkCpump,CLOSED,0.015,3.335395128215332e-7,3.8619608460295393e-7,TAKE_PROFIT_1,0.002368080980989903,0.0004823644805932876,0.0018857165003966152,12.571443335977433,15.787206539932688,0,38634,,85,0,,,0.000007364480593287611,dry-run,1,"[""relaxed_h5_top10""]",2026-09-23T17:12:59.930Z,2026-09-23T17:13:38.564Z,,
HacWL5zpCHQY5TDbD5ihJfvbZ4Gk7qDifsL1kHbHpump,CLOSED,0.03,3.2578954300145e-7,3.8315015459681244e-7,TAKE_PROFIT_1,0.005281993804979841,0.0005802092257449302,0.0047017845792349106,15.672615264116368,17.606646016599477,-6.4834019092836375,10609,,85,0,,,0.000030209225744930092,dry-run,0,,2026-09-23T17:58:44.279Z,2026-09-23T17:58:54.888Z,,
2THh1ierMVRyz7Z7mfJpnyeYQiGJwoeJZ2vMk22mpump,CLOSED,0.015,3.2793312497430696e-7,2.7817160384047167e-7,STOP_LOSS,-0.002276143396816074,0.0004809481185203509,-0.0027570915153364247,-18.38061010224283,10.661862533437889,-15.174289312107161,10439,,85,0,,,0.000005948118520350919,dry-run,1,"[""relaxed_h5_top10""]",2026-09-23T18:04:16.444Z,2026-09-23T18:04:26.883Z,,
4wxKKKADxiyUYhZKurHZYVAtFR1ipkecTLvcsH2kpump,CLOSED,0.03,3.266463049892001e-7,2.7655285906524257e-7,STOP_LOSS,-0.0046007052728437026,0.0005738108807619918,-0.005174516153605695,-17.24838717868565,9.866127362674774,-15.335684242812345,8103,,76,0,,,0.000023810880761991793,dry-run,0,,2026-09-23T18:11:12.485Z,2026-09-23T18:11:20.588Z,,
7xm3vqykDZVuYqiC2HcTf3VerfmhAieCPZmeJX8qpump,CLOSED,0.03,3.222649961570512e-7,3.832395775100104e-7,TAKE_PROFIT_1,0.005676190285640965,0.000580668040800164,0.005095522244840801,16.985074149469337,18.920634285469877,-10.241503533739222,84850,,85,0,,,0.00003066804080016401,dry-run,0,,2026-09-23T18:15:16.720Z,2026-09-23T18:16:41.570Z,,
5dA1xvgjez6hubwNajbAVo8fdY2xPMKSLyrFs2eXpump,CLOSED,0.015,3.271635451918229e-7,2.5849527632065894e-7,STOP_LOSS,-0.003148345982323717,0.0004807013717963362,-0.0036290473541200534,-24.193649027467025,6.584137171850486,-20.98897321549145,866,,85,0,,,0.00000570137179633623,dry-run,1,"[""relaxed_h5_top10""]",2026-09-23T18:19:57.825Z,2026-09-23T18:19:58.691Z,,
EBDh8JKw1wgiaEMrv7VLMe82GPheoqyMq5ukT7m5pump,CLOSED,0.03,3.4175089134875327e-7,4.136356851973935e-7,TAKE_PROFIT_1,0.006310280002337953,0.0005801168872268212,0.005730163115111132,19.10054371703711,21.034266674459833,-10.378696203500404,34016,,69,0,laserstream,pumpswap,0.000030116887226821204,dry-run,0,,2026-09-23T18:25:17.775Z,2026-09-23T18:25:51.791Z,,
563JVQQrNwonELv9svhGLQV8nDFoZLYyfmrcEVkiZLFt,CLOSED,0.03,3.2578953259062353e-7,2.762480922457557e-7,STOP_LOSS,-0.004561973487999072,0.0005738697030784081,-0.00513584319107748,-17.1194773035916,5.260311379596637,-15.206578293330242,42742,,85,0,,,0.000023869703078408042,dry-run,0,,2026-09-23T18:28:17.792Z,2026-09-23T18:29:00.534Z,,
G8vXA8zj9kd99ZLjSqyFLKzB3MLxUp5GNR7nMMMuzpad,CLOSED,0.03,3.382192066366197e-7,2.367447204991537e-7,STOP_LOSS,-0.009000773830667408,0.0005708934153203684,-0.009571667245987776,-31.905557486625924,0,-30.002579435558037,2165,,78,0,laserstream,pumpswap,0.000020893415320368413,dry-run,0,,2026-09-23T18:31:04.432Z,2026-09-23T18:31:06.597Z,,
FVsZHrjBWRJA7nBk6XNJ2Jg9M8v4MPsVdprpg3EAgMHr,CLOSED,0.015,3.2578954724987917e-7,2.743276479213618e-7,STOP_LOSS,-0.002369408400127996,0.00048094269798866637,-0.0028503510981166625,-19.002340654111084,0,-15.796056000853307,1639,,85,0,,,0.000005942697988666395,dry-run,1,"[""relaxed_h5_top10""]",2026-09-23T18:33:35.046Z,2026-09-23T18:33:36.685Z,,
FTvLA2Z7K5QV4fJ5xai4QBYhKNAcGa4eSWfVAh2aoqgy,CLOSED,0.015,3.257895305123248e-7,4.0740027220315936e-7,TAKE_PROFIT_1,0.003757521377183136,0.0004829457624731915,0.0032745756147099445,21.830504098066296,25.050142514554246,0,598,,85,0,,,0.000007945762473191492,dry-run,1,"[""relaxed_h5_top10""]",2026-09-23T18:40:47.660Z,2026-09-23T18:40:48.258Z,,
CjkD1qwNPVP9VKshVn2BzqxiPtmdSnwA8SNV9HJBpump,CLOSED,0.03,3.2578953301111647e-7,2.7573481735129887e-7,STOP_LOSS,-0.004609237920922675,0.0005738426278617731,-0.005183080548784448,-17.27693516261483,0,-15.364126403075588,900,,85,0,,,0.000023842627861773023,dry-run,0,,2026-09-23T18:43:31.911Z,2026-09-23T18:43:32.811Z,,
GkFYvftYw69G5KGWxW83UDzC1uMuUdBH7mHQFLjJpump,CLOSED,0.03,3.222565257527657e-7,3.771952218958336e-7,TAKE_PROFIT_1,0.005114437575599324,0.000580281420698633,0.0045341561549006905,15.113853849668967,17.048125251997742,0,407,,85,0,,,0.000030281420698632994,dry-run,0,,2026-09-23T18:44:20.455Z,2026-09-23T18:44:20.862Z,,
6xTAiLG4Qp7Aokm6jX6XC4pyMxNT9cnJaCuvG83tAVsB,CLOSED,0.03,3.2171240979031577e-7,2.727832815424631e-7,STOP_LOSS,-0.0045626895412343715,0.0005740375443028433,-0.005136727085537215,-17.122423618457383,8.79681798919963,-15.208965137447903,29807,,85,0,,,0.000024037544302843222,dry-run,0,,2026-09-23T18:45:16.572Z,2026-09-23T18:45:46.379Z,,
BhhEH4T5AEbbCAhn2FhPDQnssrqKCvKZz4Mj8NGGpump,CLOSED,0.03,3.2578953656355724e-7,4.012456605708146e-7,TAKE_PROFIT_1,0.006948300869620178,0.0005813752197099149,0.0063669256499102635,21.22308549970088,23.16100289873394,-11.437601855970039,9191,,85,0,,,0.00003137521970991488,dry-run,0,,2026-09-23T18:51:40.705Z,2026-09-23T18:51:49.896Z,,
FVVkweetfVF84moVj4gPeBShe3gziWeAvWLcJCTbpump,CLOSED,0.015,3.335390652915781e-7,3.8659855960151144e-7,TAKE_PROFIT_1,0.0023862044883804986,0.0004823702916470343,0.0019038341967334642,12.692227978223094,15.908029922536654,0,18515,,85,0,,,0.000007370291647034319,dry-run,1,"[""relaxed_h5_top10""]",2026-09-23T18:53:04.165Z,2026-09-23T18:53:22.680Z,,
GtmQ6DAJsyx37Nb46jmooYGGa9RVcVeyAftbEgZ2pump,CLOSED,0.03,3.26646136538575e-7,3.7821706621827314e-7,TAKE_PROFIT_1,0.004736403457226372,0.0005797923265121317,0.004156611130714241,13.855370435714137,15.788011524087914,0,3977,,85,0,,,0.00002979232651213158,dry-run,0,,2026-09-23T18:58:11.971Z,2026-09-23T18:58:15.948Z,,
4hqRXeEYA8yeScdDFxRYLeTNG9tDsJarXnZ1nhFppump,CLOSED,0.015,3.4355691606475633e-7,4.224128275159334e-7,TAKE_PROFIT_1,0.0034429191102201694,0.00048260810772743904,0.00296031100249273,19.735406683284868,22.95279406813446,0,557,,70,0,,,0.000007608107727439068,dry-run,1,"[""relaxed_h5_top10""]",2026-09-23T19:06:23.747Z,2026-09-23T19:06:24.304Z,,
2PnqDtCpou8Gn9QJvsNuYGVEqGzcnkoA2bvuLxaBpump,CLOSED,0.015,3.375193206962277e-7,2.4377107614964727e-7,STOP_LOSS,-0.004166350137520952,0.00048032101744797294,-0.0046466711549689255,-30.977807699792837,0,-27.775667583473012,16021,,85,0,,,0.000005321017447972951,dry-run,1,"[""relaxed_h5_top10""]",2026-09-23T19:20:09.443Z,2026-09-23T19:20:25.464Z,,
9CcbKHUonSCzVkhHij3uy8zJEsTCfqXBHFMQMcj5pump,CLOSED,0.015,3.2578953437409375e-7,2.755907555150561e-7,STOP_LOSS,-0.0023112519078680406,0.00048095986840720605,-0.0027922117762752465,-18.61474517516831,2.851295020956591,-15.408346052453606,7475,,85,0,,,0.0000059598684072060735,dry-run,1,"[""relaxed_h5_top10""]",2026-09-23T19:20:43.543Z,2026-09-23T19:20:51.018Z,,
2FarsHaxNPpJN7Xpa86VHqExFmn9NnqHFRyXCuC3kcGk,CLOSED,0.03,3.2578953427742866e-7,2.685094491457803e-7,STOP_LOSS,-0.005274578748395676,0.0005734493752878462,-0.0058480281236835225,-19.493427078945075,0,-17.58192916131892,4193,,85,0,laserstream,pumpswap,0.0000234493752878462,dry-run,0,,2026-09-23T19:25:52.805Z,2026-09-23T19:25:56.998Z,,
pUhD6gati2mBzqFqtwLG9BegVKryaBmMQd8fqoGpump,CLOSED,0.03,3.5148567976439215e-7,2.966729458736857e-7,STOP_LOSS,-0.004678375568027282,0.0005728122292934859,-0.005251187797320768,-17.503959324402558,0,-15.59458522675761,2095,,85,0,laserstream,pumpswap,0.000022812229293485875,dry-run,0,,2026-09-23T19:28:49.458Z,2026-09-23T19:28:51.553Z,,
97w1C8hzmzVfe7wdv8GoUXJy54N1MCnfNk6SAKJnpump,CLOSED,0.015,3.257895337264379e-7,3.921069892625867e-7,TAKE_PROFIT_1,0.003053387939336082,0.00048269800377368627,0.0025706899355623955,17.137932903749302,20.35591959557389,-5.708550290197071,4246,,69,0,,,0.000007698003773686282,dry-run,1,"[""relaxed_h5_top10""]",2026-09-23T19:37:22.451Z,2026-09-23T19:37:26.697Z,,
6iRv823Gc4UiiwAvKAydpTj9LVxGN1pWDhThAzKipump,CLOSED,0.03,3.2578953094731757e-7,3.847720073761961e-7,TAKE_PROFIT_1,0.005431341785971913,0.0005803167044817145,0.004851025081490198,16.170083604967328,18.10447261990637,0,1086,,85,0,,,0.000030316704481714473,dry-run,0,,2026-09-23T19:39:45.242Z,2026-09-23T19:39:46.328Z,,
5FF9FcK976HUrSnRSfRw3mbKu1w1tVwr7zpxVz22pump,CLOSED,0.03,5.415523860133774e-7,7.82426849872784e-7,TAKE_PROFIT_1,0.013343554755575752,0.0005773277155530202,0.012766227040022731,42.554090133409105,44.478515851919184,-11.642482314108324,1752,,67,0,laserstream,pumpswap,0.000027327715553020202,dry-run,0,,2026-09-23T19:44:17.686Z,2026-09-23T19:44:19.438Z,,
HeH8ig3uyQE46UDRjRMSjF5ChAi9hoJeaJkop56im78Z,CLOSED,0.015,2.9011444603512574e-7,2.0304467115514216e-7,STOP_LOSS,-0.004501832435609302,0.00048069600929460775,-0.00498252844490391,-33.2168562993594,0,-30.01221623739535,1221,,85,0,,,0.000005696009294607758,dry-run,1,"[""relaxed_h5_top10""]",2026-09-23T19:45:21.253Z,2026-09-23T19:45:22.474Z,,
ASzzCYJ6enxWZCoDf1vNy8BYM6Ba66YqzVB28V2Ypump,CLOSED,0.015,3.3094578480225316e-7,3.80594292958465e-7,TAKE_PROFIT_1,0.0022503009753944057,0.0004823563047712725,0.0017679446706231332,11.786297804154222,15.002006502629376,0,2510,,85,0,,,0.0000073563047712724895,dry-run,1,"[""relaxed_h5_top10""]",2026-09-23T19:51:46.457Z,2026-09-23T19:51:48.967Z,,
D1vu6bW8CuUm56mT9VGitGiEXTbmpfQMLTcDnKLqo3Up,CLOSED,0.015,3.257895340937651e-7,2.654318594242537e-7,STOP_LOSS,-0.002778987736856208,0.00048082217688890153,-0.0032598099137451098,-21.732066091634067,2.525379964475751,-18.526584912374723,4742,,85,0,,,0.000005822176888901511,dry-run,1,"[""relaxed_h5_top10""]",2026-09-23T19:53:54.317Z,2026-09-23T19:53:59.059Z,,
pxGVeKM5dj4mhQWs1VtCdaM35LGWAvrHXos93vwpump,CLOSED,0.03,3.330973328053306e-7,3.3250033481887666e-7,TRAILING_STOP,-0.00005376788652968645,0.0005763269760475833,-0.0006300948625772698,-2.1003162085908995,12.282706578350437,-0.41610448773396297,6264,,85,0,,,0.00002632697604758322,dry-run,0,,2026-09-23T19:59:31.983Z,2026-09-23T19:59:38.247Z,,
DXNjMPi4NKMEbpUCUw7S9Fv6YyTRHJQi7UdEsy7spump,CLOSED,0.015,3.1754531999003524e-7,3.6763348571918307e-7,TAKE_PROFIT_1,0.0023660323066981258,0.0004825666978419094,0.0018834656088562163,12.556437392374775,15.773548711320837,-0.18248148016685078,5428,,69,0,,,0.0000075666978419093805,dry-run,1,"[""relaxed_h5_top10""]",2026-09-23T20:11:40.082Z,2026-09-23T20:11:45.510Z,,
4SZvzSZtGQS6HtypLxcRj42XvsKcFp1x6NLELNXApump,CLOSED,0.03,3.6909242517848174e-7,4.476374481010143e-7,TAKE_PROFIT_1,0.0063841751467441175,0.0005789127747608864,0.005805262371983231,19.350874573277437,21.280583822480402,-7.8262861457942146,2167,,69,0,laserstream,pumpswap,0.000028912774760886333,dry-run,0,,2026-09-23T20:13:12.431Z,2026-09-23T20:13:14.598Z,,
61WeQCJZoae4fC1Bt4UBkkTRJ5RoJhVLysDbhA17pump,CLOSED,0.03,3.4106854821323e-7,2.8878211217842014e-7,STOP_LOSS,-0.004599055202427049,0.0005732433661657194,-0.005172298568592769,-17.240995228642564,9.394170066969403,-15.33018400809016,6187,,85,0,,,0.000023243366165719315,dry-run,0,,2026-09-23T20:17:51.564Z,2026-09-23T20:17:57.751Z,,
GQ3WYJChZENNQixjihaa2mMQXzWQYzFJH1oHX6NNpump,CLOSED,0.015,3.494159942588089e-7,2.885220746939954e-7,STOP_LOSS,-0.002614101267487058,0.00048064448711957077,-0.003094745754606629,-20.631638364044193,4.3424778226288465,-17.42734178324705,21302,,85,0,laserstream,pumpswap,0.0000056444871195707565,dry-run,1,"[""relaxed_h5_top10""]",2026-09-23T20:19:04.669Z,2026-09-23T20:19:25.971Z,,
f1ippXecgRpYmsZt6uVRwJJKiBKjN579sVRHsAg2RR3,CLOSED,0.03,2.9904311196277557e-7,3.9440177637298706e-7,TAKE_PROFIT_1,0.009566379621753157,0.0005848741248518974,0.00898150549690126,29.938351656337538,31.887932072510534,0,693,,65,0,,,0.00003487412485189737,dry-run,0,,2026-09-23T20:21:56.147Z,2026-09-23T20:21:56.840Z,,
48n3WfUWrzQ6mNzwqNDFNVVvFLQBWn3bCHuTEsXPpump,CLOSED,0.03,3.2664613407844984e-7,3.783408858338112e-7,TAKE_PROFIT_1,0.004747775622804026,0.0005797985154172911,0.004167977107386736,13.893257024622452,15.8259187426801,-0.2392519211223768,95534,,85,0,,,0.000029798515417291016,dry-run,0,,2026-09-23T20:25:40.607Z,2026-09-23T20:27:16.141Z,,
7LsPefT1ihtsVu9AgZyk5dHr5iLLHgz2RHjiiFnzpump,CLOSED,0.03,3.1638285888678883e-7,3.7711553251376653e-7,TAKE_PROFIT_1,0.00575878293539692,0.0005810423164623407,0.005177740618934579,17.259135396448595,19.19594311798973,-9.920130600713275,19667,,69,0,laserstream,pumpswap,0.00003104231646234075,dry-run,0,,2026-09-23T20:28:18.526Z,2026-09-23T20:28:38.193Z,,
Ecd1yuU5S6nVeLFYAQmx1A9oz3DHB97JFiaxD12ynLdn,CLOSED,0.03,3.309457850922473e-7,3.9684273671175207e-7,TAKE_PROFIT_1,0.005973511788446264,0.0005804247140759135,0.0053930870743703506,17.976956914567836,19.911705961487552,-4.309924570121802,13026,,85,0,,,0.000030424714075913477,dry-run,0,,2026-09-23T20:29:13.195Z,2026-09-23T20:29:26.221Z,,
EobYjxnJp2z9gxbPEbWyZQHyyvdoL2GWi5gPWFB7pump,CLOSED,0.03,3.4000223616113694e-7,2.577321329279561e-7,STOP_LOSS,-0.007259079013308955,0.00057177757551486,-0.007830856588823815,-26.102855296079387,8.443326285012208,-24.19693004436319,2491,,85,0,,,0.000021777575514860037,dry-run,0,,2026-09-23T20:30:31.916Z,2026-09-23T20:30:34.407Z,,
CnK6i3q2uC5aNhLK9xyV8DTtQffi3e9D5qAERGSKpump,CLOSED,0.03,3.257895309231513e-7,2.3486892671103641e-7,STOP_LOSS,-0.008372332034840153,0.0005716840051136394,-0.008944016039953793,-29.813386799845976,6.336875765134745,-27.90777344946718,4398,,85,0,,,0.000021684005113639385,dry-run,0,,2026-09-23T20:32:54.586Z,2026-09-23T20:32:58.984Z,,
BqZ3e2obdCs6uditUdgp6fWRqTKqjYm14FgkMpHzpump,CLOSED,0.03,3.387552399194644e-7,3.507663450962007e-7,TRAILING_STOP,0.0010636976578952838,0.0005767833236164524,0.00048691433427883136,1.623047780929438,12.964042505484677,-11.068627663938607,11679,,85,0,,,0.000026783323616452403,dry-run,0,,2026-09-23T20:33:34.332Z,2026-09-23T20:33:46.011Z,,
ConNqkD2qLeUcBDPtHduZ26uCBrqAkwPmVL6Db6M1iz4,CLOSED,0.03,4.193602094843354e-7,6.012732435121003e-7,TAKE_PROFIT_1,0.0130136119197947,0.0005811718487458829,0.012432440071048817,41.441466903496064,43.37870639931566,-6.597993029390365,3007,,78,0,laserstream,pumpswap,0.00003117184874588287,dry-run,0,,2026-09-23T20:34:32.914Z,2026-09-23T20:34:35.921Z,,
6qWdtanpAPJpVvc3AYGvdQUz3MLtcAGXKkbwcDMFpump,CLOSED,0.03,3.288283753708944e-7,1.2725455378675025e-7,EMERGENCY_EXIT,-0.01839018497325089,0.0005667028379776474,-0.018956887811228538,-63.18962603742846,0.4589647321008015,-61.30061657750295,4553,,85,0,helius-ws,pumpswap,0.000016702837977647403,dry-run,0,,2026-09-23T20:41:52.560Z,2026-09-23T20:41:57.113Z,,
7WRVVdto8yd2yrXRffxczGV1A5j2WddU6F3vMouzpump,CLOSED,0.03,3.2578953260512325e-7,2.3572494427415496e-7,STOP_LOSS,-0.008293506633940758,0.0005717260543023002,-0.008865232688243059,-29.55077562747686,10.961886089041842,-27.645022113135866,7304,,85,0,,,0.00002172605430230024,dry-run,0,,2026-09-23T20:48:09.237Z,2026-09-23T20:48:16.541Z,,
XQvVFz2jrrqFvhdG4NRd2o9xCQci9Xn9nGYVumBpump,CLOSED,0.015,3.2578953278878684e-7,3.7985997429054355e-7,TAKE_PROFIT_1,0.002489510990680501,0.0004825028192047446,0.0020070081714757566,13.380054476505043,16.596739937870016,0,3318,,85,0,,,0.000007502819204744603,dry-run,1,"[""relaxed_h6_creator""]",2026-09-23T20:52:02.677Z,2026-09-23T20:52:05.995Z,,
H2jAV8NJR9eRLQLysiLqfrC1aHW9cYV3n7A49vj9pump,CLOSED,0.015,3.257895357805703e-7,2.7334729240504085e-7,STOP_LOSS,-0.002414545478719013,0.0004809293379817096,-0.0028954748167007226,-19.303165444671485,0,-16.096969858126748,445,,85,0,,,0.000005929337981709621,dry-run,1,"[""relaxed_h5_top10""]",2026-09-23T20:56:59.401Z,2026-09-23T20:56:59.846Z,,
FLyzixQCC1osJxi3uhQAntuKvgDZ1pUAiDEobi8z9MNL,CLOSED,0.03,3.4490293594419983e-7,4.144019179365523e-7,TAKE_PROFIT_1,0.006045090494990421,0.0005797858128271831,0.005465304682163238,18.21768227387746,20.150301649968082,0,10444,,85,0,,,0.000029785812827183138,dry-run,0,,2026-09-23T21:05:35.963Z,2026-09-23T21:05:46.407Z,,
EYJJ3QGBHW7ePaag8vYEnNCURSNJDPLD5VpcCc3Ppump,CLOSED,0.03,3.2159505661114653e-7,3.705544737962497e-7,TAKE_PROFIT_1,0.004567180015235928,0.000579935643142872,0.003987244372093055,13.290814573643516,15.223933384119753,-11.78723507555869,25015,,85,0,laserstream,pumpswap,0.00002993564314287199,dry-run,0,,2026-09-23T21:14:49.323Z,2026-09-23T21:15:14.338Z,,
64FityyBGWXC1Rc89kBRT8dNEwrXCskGBCnfGy3Mpump,CLOSED,0.03,3.785656941388931e-7,4.448481340382167e-7,TAKE_PROFIT_1,0.005252650273825794,0.0005777833047722886,0.004674866969053506,15.582889896845021,17.50883424608598,0,17569,,73,0,laserstream,pumpswap,0.000027783304772288503,dry-run,0,,2026-09-23T21:26:20.756Z,2026-09-23T21:26:38.325Z,,
7P1UwwN2HmMrBuXgiN1VPruLY7rsWmK6QHZ9bAoSpump,CLOSED,0.03,4.777854035095706e-7,4.001213634895381e-7,STOP_LOSS,-0.00487650142404215,0.0005691518504557405,-0.00544565327449789,-18.152177581659632,0,-16.25500474680716,3544,,80,0,laserstream,pumpswap,0.00001915185045574052,dry-run,0,,2026-09-23T21:27:45.813Z,2026-09-23T21:27:49.357Z,,
Bwy71b5nYZ4KwdzsnNkjZoRvtBjWier1ZZZvNqPrpump,CLOSED,0.015,3.36156434790091e-7,1.0167650255030142e-9,EMERGENCY_EXIT,-0.014954629827651318,0.00047828163893803654,-0.015432911466589355,-102.88607644392904,4.529882718696747,-99.69753218434212,347073,,85,0,,,0.0000032816389380365364,dry-run,1,"[""relaxed_h5_top10""]",2026-09-23T21:30:33.565Z,2026-09-23T21:36:20.638Z,,
FJBhwazXfL5antXd7gVNmLYrWpmDt4xnLWxXkPo7pump,CLOSED,0.03,3.2578953620106335e-7,3.7982449196281733e-7,TAKE_PROFIT_1,0.004975754260726708,0.0005800013846144999,0.004395752876112208,14.652509587040694,16.585847535755697,-0.3894219475073596,4783,,85,0,,,0.0000300013846144998,dry-run,0,,2026-09-23T21:37:31.391Z,2026-09-23T21:37:36.174Z,,
euwCqqdorT6VCYgQjVg9jeT3dpXvjuv86EGQtBVpump,CLOSED,0.03,3.229458723401467e-7,3.218579993375622e-7,TRAILING_STOP,-0.00010105777120185787,0.0005767514144876472,-0.0006778091856895051,-2.2593639522983504,12.008930234213212,-1.4636516218756734,50459,,85,0,,,0.000026751414487647264,dry-run,0,,2026-09-23T21:39:28.321Z,2026-09-23T21:40:18.780Z,,
6s4w7JLAM5e2kqPpf7pVtJvbnPU9MwyvNtKZrc2jpump,CLOSED,0.03,3.5035230460374815e-7,4.1048959669618854e-7,TAKE_PROFIT_1,0.0051494416878852456,0.0005789299438248987,0.0045705117440603465,15.235039146867821,17.164805626284164,-1.7437187950219986,3478,,85,0,,,0.00002892994382489867,dry-run,0,,2026-09-23T21:44:34.751Z,2026-09-23T21:44:38.229Z,,
rGejF4pz1XW6DftreGqtMqhi1R2uYiSJe9sewTTQTnu,CLOSED,0.015,3.257895350797487e-7,4.0165010321077716e-7,TAKE_PROFIT_1,0.003492771864777312,0.0004828526601281544,0.0030099192046491577,20.066128030994385,23.285145765182072,-0.9765181255813904,3309,,85,0,,,0.000007852660128154368,dry-run,1,"[""relaxed_h5_top10""]",2026-09-23T21:52:30.477Z,2026-09-23T21:52:33.786Z,,
23hVWFfuBE3PDijzeEVVgjA7PUiHJoVrEg1RnBrypump,CLOSED,0.03,3.2578954256162397e-7,2.5594960728659303e-7,STOP_LOSS,-0.00643113969152222,0.0005727776052360978,-0.007003917296758318,-23.346390989194393,4.028129021763157,-21.437132305074073,10854,,85,0,,,0.000022777605236097787,dry-run,0,,2026-09-23T21:54:53.572Z,2026-09-23T21:55:04.426Z,,
CUQScgAnRkE1pk1jHopaxaZy5k5ougCQ7bnKZojGVhV4,CLOSED,0.03,3.257895449009183e-7,3.75769729707826e-7,TAKE_PROFIT_1,0.004602374654666223,0.0005797458980002722,0.004022628756665951,13.408762522219837,15.341248848887416,0,4701,,85,0,,,0.00002974589800027223,dry-run,0,,2026-09-23T21:57:24.375Z,2026-09-23T21:57:29.076Z,,
Cid1om9uBjknK8sBmpbYyft7B9GrNK5HmSL4yC6Upump,CLOSED,0.03,3.6546210906621846e-7,4.2474379815299775e-7,TAKE_PROFIT_1,0.00486630659782336,0.0005780804733241875,0.004288226124499172,14.294087081663909,16.22102199274453,0,14024,,80,0,,,0.000028080473324187484,dry-run,0,,2026-09-23T22:03:33.801Z,2026-09-23T22:03:47.825Z,,
DniCkHuM7iR6KQFsaBnEef8QcBdzURCuSEPmQ7MCpump,CLOSED,0.03,3.224664663414292e-7,3.7657013735947333e-7,TAKE_PROFIT_1,0.00503342300660425,0.000580213019262168,0.004453209987342082,14.844033291140274,16.778076688680834,-0.08111647275970643,53656,,74,0,laserstream,pumpswap,0.000030213019262167992,dry-run,0,,2026-09-23T22:10:47.119Z,2026-09-23T22:11:40.775Z,,
G8TTWtBR6AqxzMC8nSwdVt7NCUDGvqjUEWRr5SXdpump,CLOSED,0.015,3.257895380328661e-7,2.692883823748843e-7,STOP_LOSS,-0.0026014258775376286,0.0004808740359858579,-0.0030822999135234866,-20.54866609015658,3.1056646690622713,-17.34283918358419,21245,,85,0,,,0.000005874035985857914,dry-run,1,"[""relaxed_h5_top10""]",2026-09-23T22:14:04.360Z,2026-09-23T22:14:25.605Z,,
Bf6NdK15im7f3o4zd6uWu6YRLrZyEnJ8Fq2uo2dbpump,CLOSED,0.03,3.150707378642702e-7,3.63888924928163e-7,TAKE_PROFIT_1,0.004648307303446564,0.0005803318833320373,0.004067975420114526,13.559918067048422,15.494357678155213,-2.7489324775461457,16555,,85,0,,,0.000030331883332037248,dry-run,0,,2026-09-23T22:17:56.137Z,2026-09-23T22:18:12.692Z,,
5jktuqX7UJfSs12ni3ggKZozhe41GFVDL3UHsSh3pump,CLOSED,0.03,3.257895315901402e-7,2.3786389832382175e-7,STOP_LOSS,-0.008096543142791957,0.0005718367304760521,-0.008668379873268009,-28.894599577560033,10.958594320038896,-26.988477142639855,2244,,85,0,,,0.00002183673047605203,dry-run,0,,2026-09-23T22:18:14.951Z,2026-09-23T22:18:17.195Z,,
PqgWBZcKzUU6w3xjM4kXfGbLU8UPcQNJj9q2nRbpump,CLOSED,0.03,3.2578953401159976e-7,3.746699800822363e-7,TAKE_PROFIT_1,0.004501106478352632,0.0005796711912806153,0.003921435287072017,13.071450956906725,15.003688261175435,-4.076076594942711,166689,,85,0,,,0.000029671191280615216,dry-run,0,,2026-09-23T22:18:52.609Z,2026-09-23T22:21:39.298Z,,
HdvunZKsLDXyR8WXof7X7CgWuDXjxeoFF26D3woVpump,CLOSED,0.015,3.257895341710971e-7,2.6870662170316244e-7,STOP_LOSS,-0.002628211152324312,0.00048086621875701867,-0.0031090773710813306,-20.727182473875537,1.1764875629466327,-17.52140768216208,13237,,85,0,,,0.000005866218757018679,dry-run,1,"[""relaxed_h5_top10""]",2026-09-23T22:23:14.124Z,2026-09-23T22:23:27.361Z,,
LWcDRsUJNQUW5mHg41V8jUCQmrqyroWzZNFdePppump,CLOSED,0.03,3.492290425012225e-7,3.536201578006239e-7,TRAILING_STOP,0.00037721221018317764,0.0005759089541141734,-0.00019869674393099574,-0.6623224797699858,13.597031335207726,0,6075,,85,0,,,0.000025908954114173332,dry-run,0,,2026-09-23T22:29:36.010Z,2026-09-23T22:29:42.085Z,,
4zXSm1YEaNH8ogrrHmYQcHp9xWtTxT8ixCT5BW3opump,CLOSED,0.03,3.3353889714333034e-7,2.8003365035888315e-7,STOP_LOSS,-0.0048125043803920655,0.0005734115155041436,-0.0053859158958962094,-17.9530529863207,4.484037403750845,-16.041681267973548,9405,,85,0,,,0.000023411515504143634,dry-run,0,,2026-09-23T22:37:15.536Z,2026-09-23T22:37:24.941Z,,
51Drbkyq864egZehu8iRdb2gCqGdSh92GVXhMsRYpump,CLOSED,0.03,3.365323791393558e-7,2.8382705533830065e-7,STOP_LOSS,-0.004698388066180419,0.0005733611097557343,-0.005271749175936154,-17.572497253120513,3.1925099850191208,-15.661293553934735,1324,,85,0,,,0.000023361109755734305,dry-run,0,,2026-09-23T22:46:18.920Z,2026-09-23T22:46:20.244Z,,
7a2b6CfvrjyDuZLDJAdqgHsxRzCiT675h6bNT4zjpump,CLOSED,0.03,3.2578953506041565e-7,3.859116229368409e-7,TAKE_PROFIT_1,0.005536281685531363,0.000580389719013022,0.0049558919665183415,16.519639888394472,18.454272285104544,0,2554,,85,0,,,0.000030389719013021946,dry-run,0,,2026-09-23T22:54:46.538Z,2026-09-23T22:54:49.092Z,,
6HLwNZiLS2upd7su4zjWPtnkiz6aBp29HL36V7Uk3v6R,CLOSED,0.03,3.759632202555835e-7,4.347645489180565e-7,TAKE_PROFIT_1,0.004692054341578886,0.0005775346157705528,0.004114519725808333,13.715065752694445,15.640181138596295,-0.1677053756225426,46031,,69,0,laserstream,pumpswap,0.000027534615770552736,dry-run,0,,2026-09-23T22:57:50.750Z,2026-09-23T22:58:36.781Z,,
DPn7gftqX31hbeV2jeugKstkcLf2x3UYRPaDcGZDpump,CLOSED,0.03,3.259607691192036e-7,2.7655307630772174e-7,STOP_LOSS,-0.004547267416105541,0.0005738719107798417,-0.005121139326885383,-17.070464422951275,3.658997822695383,-15.157558053685142,7041,,85,0,,,0.000023871910779841698,dry-run,0,,2026-09-23T23:04:28.046Z,2026-09-23T23:04:35.087Z,,
AdZd56X3ZMshpb4ejsE1AKkxgBrqKLV3HmhGpMjxpump,CLOSED,0.03,3.257895369018849e-7,3.791684263591823e-7,TAKE_PROFIT_1,0.004915341047926871,0.0005799504071508163,0.004335390640776054,14.451302135920182,16.38447015975624,-5.054506503573036,86390,,84,0,,,0.00002995040715081628,dry-run,0,,2026-09-23T23:03:42.212Z,2026-09-23T23:05:08.602Z,,
Fn9cGz6iLubpjZSJF6wiBD2zbdqANubuQ64UKSDXpump,CLOSED,0.015,3.247086855927249e-7,3.845521117843463e-7,TAKE_PROFIT_1,0.0027644822350093366,0.0004826115836623107,0.002281870651347026,15.212471008980172,18.429881566728923,-0.7035576089968737,8005,,81,0,,,0.000007611583662310674,dry-run,1,"[""relaxed_h5_top10""]",2026-09-23T23:05:42.612Z,2026-09-23T23:05:50.617Z,,
6LYWeAHk3iXreuKBN1PqyeFay9eAmnBwZiuVeCVbpump,CLOSED,0.03,3.2578953491058483e-7,3.782163731722134e-7,TAKE_PROFIT_1,0.004827672405992187,0.0005798917331094612,0.004247780672882726,14.159268909609086,16.09224135330728,-1.3481397726133122,130257,,85,0,,,0.000029891733109461194,dry-run,0,,2026-09-23T23:06:49.970Z,2026-09-23T23:09:00.227Z,,
Gqd7igXfoMXi3ba197A2tkGLpTsow3tfMWfP2FAy4vhA,CLOSED,0.03,4.6386216275244407e-7,3.621921854231493e-7,STOP_LOSS,-0.006575443234646048,0.0005686473820898847,-0.007144090616735932,-23.813635389119774,1.7892330404459575,-21.91814411548683,5713,,85,0,laserstream,pumpswap,0.000018647382089884688,dry-run,0,,2026-09-23T23:12:15.697Z,2026-09-23T23:12:21.410Z,,
B6SoEnXH3GHdEzJoeBgpvBfVMNHrG4PheeMNxD4pump,CLOSED,0.015,2.433252075218485e-7,2.8514787861260045e-7,TAKE_PROFIT_1,0.0025781959573791756,0.0004838692194166155,0.00209432673796256,13.962178253083735,17.187973049194515,-12.266608475119657,17858,,82,0,,,0.000008869219416615505,dry-run,1,"[""relaxed_h5_top10""]",2026-09-23T23:17:43.858Z,2026-09-23T23:18:01.716Z,,
BCBwLPmYKAMuFkvNZbJ4xfkdFnZ1JFQ4W3sg8Npb88o5,CLOSED,0.03,3.292662358465569e-7,3.2997048855812187e-7,TRAILING_STOP,0.00006416564787649515,0.0005765702881411856,-0.0005124046402646905,-1.7080154675489685,14.3795340837327,-8.685788871113228,23546,,67,0,laserstream,pumpswap,0.000026570288141185572,dry-run,0,,2026-09-23T23:20:53.276Z,2026-09-23T23:21:16.822Z,,
2PENPmfgJfq6CG3k4byj4oWwHf8SerqakmYHMkUupump,CLOSED,0.015,3.485617466160383e-7,2.5025026677944964e-7,STOP_LOSS,-0.004230734473491349,0.00048020732984938144,-0.0047109418033407305,-31.406278688938205,10.500484790066675,-28.20489648994233,8898,,85,0,,,0.000005207329849381444,dry-run,1,"[""relaxed_h5_top10""]",2026-09-23T23:22:54.990Z,2026-09-23T23:23:03.888Z,,
7gjnezG3vW1DgtaqSwVqYn79Gmsd1rs8HPzmCnfqhMvz,CLOSED,0.03,3.3353950081738705e-7,2.7189555946026397e-7,STOP_LOSS,-0.005544525419573002,0.0005729871354279235,-0.006117512555000926,-20.391708516669755,0,-18.481751398576673,1061,,85,0,,,0.000022987135427923465,dry-run,0,,2026-09-23T23:33:36.551Z,2026-09-23T23:33:37.612Z,,
4pquHRT6onJuuoT8VJXdg8ifbG5N4fJWgVwqkPGEpump,CLOSED,0.03,3.2132954143445337e-7,2.641438780896157e-7,STOP_LOSS,-0.005338973480890123,0.0005735920202699419,-0.005912565501160065,-19.70855167053355,2.2608687528007385,-17.796578269633745,7752,,85,0,laserstream,pumpswap,0.000023592020269941914,dry-run,0,,2026-09-23T23:34:43.907Z,2026-09-23T23:34:51.659Z,,
8quxcffZcXr7T8oWp7XH6Lc5Q3HmL2gvJMDULyL2pump,CLOSED,0.03,3.257895344320928e-7,3.3652262140659617e-7,TRAILING_STOP,0.0009883454660272895,0.0005773256695633098,0.0004110197964639797,1.3700659882132658,12.661267142265306,0,32830,,85,0,,,0.000027325669563309792,dry-run,0,,2026-09-23T23:36:53.655Z,2026-09-23T23:37:26.485Z,,
oT28fV2NKiVvc9tkRNqyLguCreSCemhwUhfrqpkpump,CLOSED,0.03,3.3353889377986786e-7,3.368112149892866e-7,TRAILING_STOP,0.0002943274026307474,0.0005765286130198744,-0.000282201210389127,-0.9406707012970901,12.790239127570388,0,2688,,85,0,,,0.00002652861301987442,dry-run,0,,2026-09-23T23:43:26.314Z,2026-09-23T23:43:29.002Z,,
9H5iEzs79y6rokw5ukCKzapV7VhWzfaCRz9EFZAFpump,CLOSED,0.03,3.327882772065201e-7,3.838262165902512e-7,TAKE_PROFIT_1,0.004600937852632794,0.0005793951263200426,0.004021542726312751,13.405142421042504,15.336459508775983,0,3070,,85,0,,,0.000029395126320042546,dry-run,0,,2026-09-23T23:45:13.302Z,2026-09-23T23:45:16.372Z,,
EgprjNqbrtweWL4LFuTdKeVZQzzR1svgEWoDNUPqpump,CLOSED,0.03,2.8409330475941297e-7,3.4663974422616617e-7,TAKE_PROFIT_1,0.00660484831063385,0.000583599013835811,0.0060212492967980395,20.070830989326797,22.016161035446167,0,18697,,85,0,laserstream,pumpswap,0.000033599013835811,dry-run,0,,2026-09-23T23:50:40.966Z,2026-09-23T23:50:59.663Z,,
3tzkdxJ1qVCaPAuWmd8FjRFKUbwMYpLUAq5gg4Vopump,CLOSED,0.03,3.3333682922384156e-7,3.99729569343601e-7,TAKE_PROFIT_1,0.005975283943963077,0.0005803063876787264,0.005394977556284351,17.983258520947835,19.917613146543594,0,2180,,85,0,,,0.0000303063876787264,dry-run,0,,2026-09-23T23:52:04.535Z,2026-09-23T23:52:06.715Z,,
CvUX4G2tzq7J3ECmNvWZLayZYV6KpgQp6SJ5K8Uvsu5g,CLOSED,0.03,3.257895320396327e-7,2.668660464094788e-7,STOP_LOSS,-0.005425909659643613,0.0005733607311449212,-0.005999270390788534,-19.997567969295112,1.8705085470066645,-18.086365532145383,3125,,85,0,,,0.000023360731144921133,dry-run,0,,2026-09-23T23:56:51.274Z,2026-09-23T23:56:54.399Z,,
67eRQqNM8YiXDBdUu264r56yQA7vXxTAevSHUnKspump,CLOSED,0.015,3.2578954299661673e-7,2.767501991859947e-7,STOP_LOSS,-0.00225786914580917,0.0004809757556066034,-0.0027388449014157734,-18.258966009438492,1.9701800409309984,-15.052460972061127,19451,,61,0,,,0.000005975755606603428,dry-run,1,"[""relaxed_h5_top10""]",2026-09-24T00:00:47.452Z,2026-09-24T00:01:06.903Z,,
6XsvyGDTSEocfayNcJZEDpjiJFSVNk1ZK9FiZyVBpump,CLOSED,0.03,3.2578953401159976e-7,2.696127840036205e-7,STOP_LOSS,-0.005172979252855224,0.0005735093755860661,-0.0057464886284412904,-19.1549620948043,0,-17.243264176184084,802,,85,0,,,0.000023509375586066068,dry-run,0,,2026-09-24T00:07:57.062Z,2026-09-24T00:07:57.864Z,,
6RbsuPy6xxgFMn6Frj9cFjudS34Kpa2NVWzq7NEdpump,CLOSED,0.015,3.257895303914935e-7,3.346781033327559e-7,TRAILING_STOP,0.00040924763284663654,0.00048180631743605947,-0.00007255868458942293,-0.4837245639294862,12.446030675838136,0,7867,,85,0,,,0.000006806317436059489,dry-run,1,"[""relaxed_h5_top10""]",2026-09-24T00:13:58.357Z,2026-09-24T00:14:06.224Z,,
Hc7zFXMbe6RVhHhoUe82kap1iCjVHPXHxAYfs5frpump,CLOSED,0.03,3.2521390172428554e-7,3.8911024307383126e-7,TAKE_PROFIT_1,0.005894244465943832,0.0005806658175686152,0.005313578648375217,17.71192882791739,19.64748155314611,-10.324994588464254,23034,,85,0,laserstream,pumpswap,0.00003066581756861517,dry-run,0,,2026-09-24T00:15:21.642Z,2026-09-24T00:15:44.676Z,,
HGbxpmnYvjdm9HW2GA6YuC4kShC1d52WCcGJDLvzRg9C,CLOSED,0.03,3.1912732157587165e-7,2.550453778949055e-7,STOP_LOSS,-0.006024110693298709,0.0005732807138589018,-0.006597391407157611,-21.99130469052537,1.8613987314645402,-20.080368977662364,2255,,85,0,,,0.000023280713858901808,dry-run,0,,2026-09-24T00:16:49.456Z,2026-09-24T00:16:51.711Z,,
2pNgPs2p6c8KTS3xnqUfEdj5xWFPNW9U4rJRPuUYpump,CLOSED,0.03,3.335390699598565e-7,4.0379549109205486e-7,TAKE_PROFIT_1,0.006319177643025826,0.0005805330132768852,0.005738644629748941,19.12881543249647,21.063925476752747,0,2228,,85,0,,,0.00003053301327688515,dry-run,0,,2026-09-24T00:20:49.605Z,2026-09-24T00:20:51.833Z,,
8mqcd11jFaXegrWYQSMQkBMNjo8aXBseKrdQENPGpump,CLOSED,0.03,3.2578953938134363e-7,2.6304284097952334e-7,STOP_LOSS,-0.005777966215947831,0.0005731525436664504,-0.0063511187596142805,-21.170395865380936,7.278028385869891,-19.259887386492768,47785,,85,0,,,0.000023152543666450287,dry-run,0,,2026-09-24T00:38:33.963Z,2026-09-24T00:39:21.748Z,,
7WrA2qXv5p6WAT7JBWGm74UjGv7u3v41stJwP4KUpump,CLOSED,0.015,3.2578953083615275e-7,2.6538300769255374e-7,STOP_LOSS,-0.0027812368458508966,0.00048082122639681713,-0.003262058072247714,-21.74705381498476,0,-18.541578972339316,977,,85,0,,,0.000005821226396817111,dry-run,1,"[""relaxed_h5_top10""]",2026-09-24T00:54:05.605Z,2026-09-24T00:54:06.582Z,,
8jpcHKbGtcwyYvo2FrkjStGpwXXpEJtrB91aWaRBpump,CLOSED,0.03,3.257895363557274e-7,2.434155768697154e-7,STOP_LOSS,-0.007585322758438909,0.0005721228660931714,-0.00815744562453208,-27.191485415106936,0,-25.284409194796364,66,,85,0,,,0.00002212286609317129,dry-run,0,,2026-09-24T01:04:23.866Z,2026-09-24T01:04:23.932Z,,
FxQNbzqQvFRLiYPfMhZamGBUWk84AUqj3nzHDaEapump,CLOSED,0.03,3.4371494642056223e-7,1.4177499662405475e-7,EMERGENCY_EXIT,-0.01762564752270779,0.0005666041892303787,-0.01819225171193817,-60.6408390397939,8.273658247356725,-58.75215840902598,14137,,69,0,pumpportal,pumpswap,0.000016604189230378673,dry-run,0,,2026-09-24T01:34:16.022Z,2026-09-24T01:34:30.159Z,,
D5PWvFsjMYVjGHEax9wYD6KWXcVAjK3T2xQicqvSpump,CLOSED,0.03,3.4295677345926506e-7,4.010058002643304e-7,TAKE_PROFIT_1,0.0050778142871664425,0.0005792214199682133,0.004498592867198229,14.99530955732743,16.926047623888138,0,3892,,85,0,,,0.000029221419968213285,dry-run,0,,2026-09-24T10:28:33.524Z,2026-09-24T10:28:37.416Z,,
D1UEDuLUj2WuR5Yv27U7Hx5EFVZ2gMQVhpaqu9YWpump,CLOSED,0.03,3.625339729383365e-7,4.213391425153821e-7,TAKE_PROFIT_1,0.0048661786728920855,0.0005782060111001974,0.004287972661791888,14.29324220597296,16.22059557630694,0,1181,,76,0,,,0.000028206011100197368,dry-run,0,,2026-09-24T10:45:15.375Z,2026-09-24T10:45:16.556Z,,
7Xgc5RacHtGzfhw2HukUBk5V986yBbvshr7rrCoopump,CLOSED,0.03,2.6444592185517906e-7,2.2108991049266472e-7,STOP_LOSS,-0.004918511625177315,0.0005766071591810145,-0.005495118784358329,-18.317062614527764,6.2416819935399905,-16.395038750591056,28497,,85,0,,,0.000026607159181014464,dry-run,0,,2026-09-24T11:03:11.597Z,2026-09-24T11:03:40.094Z,,
CVnJdx6CUXeWQuEw6s58RrX2hfgptT89Pgz7DQrfpump,CLOSED,0.03,3.533318785483149e-7,3.003211435634925e-7,STOP_LOSS,-0.004500929992726968,0.0005728453029125062,-0.005073775295639475,-16.91258431879825,5.062314021613561,-15.003099975756559,3312,,85,0,,,0.000022845302912506085,dry-run,0,,2026-09-24T11:08:20.759Z,2026-09-24T11:08:24.071Z,,
BJxwi9CjVXn5sK4jeLYrEgbxddMkax82HB8JmvYV4dSJ,CLOSED,0.03,3.38755069983717e-7,2.5780565616811234e-7,STOP_LOSS,-0.007168844482784774,0.000571873396501996,-0.0077407178792867695,-25.802392930955897,0.4531079495458023,-23.89614827594925,1589,,85,0,,,0.000021873396501996037,dry-run,0,,2026-09-24T11:16:47.080Z,2026-09-24T11:16:48.669Z,,
G7g176ZVHFY2A3PMJnv4HsDRheuGKN1PfcTCg4nPpump,CLOSED,0.03,3.187457703509553e-7,3.8681221163712376e-7,TAKE_PROFIT_1,0.0064063383063458846,0.0005813741104769966,0.005824964195868888,19.41654731956296,21.35446102115295,0,27229,,69,0,laserstream,pumpswap,0.00003137411047699657,dry-run,0,,2026-09-24T11:21:30.905Z,2026-09-24T11:21:58.134Z,,
XbhKhUGorimTA5PLANoMCkacquguY7Q5qhK5iUmpump,CLOSED,0.03,3.25789533441276e-7,2.7046872993980175e-7,STOP_LOSS,-0.005094160292731986,0.0005735556276838774,-0.005667715920415864,-18.89238640138621,0,-16.98053430910662,1642,,85,0,,,0.000023555627683877443,dry-run,0,,2026-09-24T11:28:53.782Z,2026-09-24T11:28:55.424Z,,
4LMqEAj8sbV9Ehzw431X1qDXm7TnxTGh4x4b5xrppump,CLOSED,0.03,3.6416162188954686e-7,2.990429755240886e-7,STOP_LOSS,-0.005364539461427041,0.0005719846776649103,-0.005936524139091952,-19.788413796973174,0,-17.8817982047568,500,,85,0,,,0.000021984677664910218,dry-run,0,,2026-09-24T11:32:51.855Z,2026-09-24T11:32:52.355Z,,
Dot38917AwYxjjhTtkXYeiAvuTbGg9iYXARDT9AJpump,CLOSED,0.03,3.2578953081681976e-7,3.802587667323991e-7,TAKE_PROFIT_1,0.0050157445924380135,0.0005800292713722483,0.004435715321065765,14.785717736885884,16.719148641460045,0,892,,85,0,,,0.000030029271372248247,dry-run,0,,2026-09-24T11:48:14.881Z,2026-09-24T11:48:15.773Z,,
GrW1bFdSfnDM1vNCMzaRnHbHAgus23hsJ3nJLdLiPzRi,CLOSED,0.015,3.2578954441759306e-7,3.986814789969659e-7,TAKE_PROFIT_1,0.0033560899587652604,0.00048280453456799825,0.002873285424197262,19.15523616131508,22.373933058435068,-3.2286572716822906,7556,,70,0,,,0.000007804534567998257,dry-run,1,"[""relaxed_h5_top10""]",2026-09-24T11:51:52.652Z,2026-09-24T11:52:00.208Z,,
9dZDiEh3DQy2adYqwnoG6Hap3YNWgLWW7hqJxUPuZ6HS,CLOSED,0.03,3.322410990079243e-7,2.6316280012987744e-7,STOP_LOSS,-0.006237485285623791,0.0005726386537941548,-0.006810123939417946,-22.700413131393155,4.843404776621766,-20.791617618745974,9384,,85,0,,,0.00002263865379415475,dry-run,0,,2026-09-24T11:53:26.374Z,2026-09-24T11:53:35.758Z,,
EFW3VwqYPzoc58reVMy2GxEjv78xQ765pQy1JMdBVoB9,CLOSED,0.03,3.257896209466582e-7,4.317385018368356e-7,TAKE_PROFIT_1,0.009756193022569418,0.0005833940730957876,0.009172798949473631,30.575996498245438,32.52064340856472,-4.919381633205002,5930,,85,0,,,0.0000333940730957875,dry-run,0,,2026-09-24T12:17:49.971Z,2026-09-24T12:17:55.901Z,,
FFDCa6WS6VMFa81HSD7cVmLo1hziwZKffPRDBjuapump,CLOSED,0.03,3.373927758633632e-7,3.2350282542398407e-7,TRAILING_STOP,-0.0012350546395519968,0.0005754036160675187,-0.0018104582556195156,-6.034860852065052,12.693289354156331,-7.985743943139317,6708,,85,0,,,0.00002540361606751864,dry-run,0,,2026-09-24T12:22:28.163Z,2026-09-24T12:22:34.871Z,,
AxZYPsQc2tFUWCvWCUd6sR2FWSJ8huqJbEuexmqXvGXo,CLOSED,0.015,3.257895355050749e-7,3.778391099213556e-7,TAKE_PROFIT_1,0.002396466218701024,0.0004824700761720016,0.0019139961425290227,12.759974283526818,15.976441458006832,-7.055000848685205,17625,,76,0,,,0.000007470076172001588,dry-run,1,"[""relaxed_h5_top10""]",2026-09-24T12:26:38.479Z,2026-09-24T12:26:56.104Z,,
BYV5EZEjoCmYYr8DoHmtwhwsrBfFEUJmnYPaAE3Gpump,CLOSED,0.03,3.2578953079748676e-7,3.8405292846229913e-7,TAKE_PROFIT_1,0.005365126146520897,0.0005802685049980797,0.0047848576415228175,15.949525471742726,17.883753821736324,0,7488,,85,0,,,0.000030268504998079712,dry-run,0,,2026-09-24T12:33:14.301Z,2026-09-24T12:33:21.789Z,,
5CyQrj3bXue1K4eZ2xEqYnVZXtUR3x5aGnbLwL9hpump,CLOSED,0.03,3.418584047249486e-7,4.0306841240383e-7,TAKE_PROFIT_1,0.005371522843920966,0.0005794726303296952,0.004792050213591271,15.973500711970907,17.905076146403225,-1.5235408551512573,36088,,64,0,laserstream,pumpswap,0.000029472630329695095,dry-run,0,,2026-09-24T12:42:39.955Z,2026-09-24T12:43:16.043Z,,
CNE5X5aSBtwqsR5rmYx8XoKZ5MTVjED7ngT3bAyZpump,CLOSED,0.03,3.2578953086031897e-7,3.96981894116376e-7,TAKE_PROFIT_1,0.006555676887595918,0.0005810952857463668,0.005974581601849551,19.915272006165168,21.852256291986404,-0.9983752373713131,6592,,85,0,,,0.00003109528574636674,dry-run,0,,2026-09-24T12:48:23.141Z,2026-09-24T12:48:29.733Z,,
J4yqaoHpq6VWKSHgnaU6qEM2ncoCCtNAVWxdF77Bpump,CLOSED,0.03,3.257895336877719e-7,2.62219635863241e-7,STOP_LOSS,-0.0058537698039239005,0.0005731107749030751,-0.006426880578826975,-21.422935262756585,1.2910100510681946,-19.512566013079667,15035,,85,0,,,0.000023110774903075145,dry-run,0,,2026-09-24T12:53:50.863Z,2026-09-24T12:54:05.898Z,,
hycYxx4mSKC1df6EJq18migjZ5sfBY3a2xHYjmhpump,CLOSED,0.03,3.257895332479459e-7,2.6354644649226805e-7,STOP_LOSS,-0.005731591755126185,0.0005731818856001446,-0.006304773640726329,-21.01591213575443,3.8856243113857354,-19.105305850420617,6733,,85,0,,,0.00002318188560014457,dry-run,0,,2026-09-24T12:59:19.242Z,2026-09-24T12:59:25.975Z,,
EwRwofxaapDy3a99jr9GbrRgkDUq6cU2QJFXsY1epump,CLOSED,0.03,3.209582551065944e-7,2.720633547955638e-7,STOP_LOSS,-0.004570211190996657,0.0005740660042275671,-0.005144277195224224,-17.147590650747414,0,-15.234037303322195,2536,,85,0,,,0.000024066004227567108,dry-run,0,,2026-09-24T13:07:10.873Z,2026-09-24T13:07:13.409Z,,
9KLzZwFgMJxrXctywqjJCMz8ecFaPkY2J1116Jinpump,CLOSED,0.03,3.240318541788596e-7,2.4481447657519553e-7,STOP_LOSS,-0.007334221304051565,0.0005723312750129267,-0.007906552579064492,-26.355175263548308,2.728127712795591,-24.447404346838553,6719,,85,0,,,0.000022331275012926735,dry-run,0,,2026-09-24T13:10:49.636Z,2026-09-24T13:10:56.355Z,,
FnBS4V6kyWXKWfgH3tT6Xu162WubcgtqjVTHcU5Zpump,CLOSED,0.03,3.2578953271628807e-7,3.7545224004436395e-7,TAKE_PROFIT_1,0.004573140233881396,0.0005797238963767219,0.003993416337504674,13.311387791682247,15.243800779604655,0,3971,,85,0,,,0.000029723896376721767,dry-run,0,,2026-09-24T13:14:13.981Z,2026-09-24T13:14:17.952Z,,
G9fHPtv2BacSmGrJEoFBwP4WuaT2QHrqFvqePBqJpump,CLOSED,0.03,3.2587514192666813e-7,2.718057174355831e-7,STOP_LOSS,-0.004977620339932431,0.0005736209196743128,-0.005551241259606743,-18.50413753202248,0,-16.592067799774764,2713,,85,0,,,0.000023620919674312712,dry-run,0,,2026-09-24T13:15:25.264Z,2026-09-24T13:15:27.977Z,,
CLAQBbUuVqEsYfWPfhTGcqkSDLteGWE8pfc7T9gjpump,CLOSED,0.015,3.05014660057586e-7,3.590039611846855e-7,TAKE_PROFIT_1,0.002655083912208016,0.0004828415811975653,0.002172242331010451,14.481615540069672,17.7005594147201,-9.229610809746386,16439,,85,0,,,0.00000784158119756528,dry-run,1,"[""relaxed_h5_top10""]",2026-09-24T13:15:13.535Z,2026-09-24T13:15:29.974Z,,
DAJBSmnopkFMQe4NDgwxPkZxu9z1Wf2GTU3GZS7kYPVE,CLOSED,0.03,3.257895341324311e-7,3.2755246035071126e-7,TRAILING_STOP,0.00016233727915552,0.0005767911539169116,-0.00041445387476139153,-1.3815129158713053,12.53907970089492,-4.105157343869964,6334,,62,0,,,0.000026791153916911512,dry-run,0,,2026-09-24T13:20:57.364Z,2026-09-24T13:21:03.698Z,,
6Q1B8TGYj1wvCwyfa8hvRTLusxQeUSns2L93M5V4pump,CLOSED,0.03,3.351697088749737e-7,4.4665582299429406e-7,TAKE_PROFIT_1,0.009978775930575579,0.0005830337934106398,0.00939574213716494,31.319140457216466,33.26258643525192,-0.52234457584567,1980,,85,0,,,0.000033033793410639767,dry-run,0,,2026-09-24T13:29:48.460Z,2026-09-24T13:29:50.440Z,,
7eBLn34GBpwTVNGmDJqEFqvp98WyAgdsmJdHYFRCpump,CLOSED,0.03,3.6196665766917053e-7,4.291061563535747e-7,TAKE_PROFIT_1,0.005564559380972169,0.0005786865369893331,0.004985872843982836,16.619576146609454,18.548531269907226,0,2412,,85,0,,,0.00002868653698933314,dry-run,0,,2026-09-24T13:38:00.105Z,2026-09-24T13:38:02.517Z,,
dxqSq2hQipTN249zjv78zujvaeEgYyHyYq88pNXpump,CLOSED,0.03,3.160160465025344e-7,2.6046125925455866e-7,STOP_LOSS,-0.0052739208527055135,0.0005738529288281796,-0.005847773781533693,-19.49257927177898,6.559663170106898,-17.57973617568505,9064,,85,0,,,0.00002385292882817962,dry-run,0,,2026-09-24T13:39:11.491Z,2026-09-24T13:39:20.555Z,,
51FhQRWXKvjPq5FRQBqA97AULubg4istt1YSwx8tpump,CLOSED,0.03,3.2578953087965197e-7,3.7694675211845996e-7,TAKE_PROFIT_1,0.0047107610641152564,0.000579819693141923,0.004130941370973334,13.769804569911113,15.70253688038419,0,73401,,84,0,,,0.00002981969314192294,dry-run,0,,2026-09-24T13:45:35.740Z,2026-09-24T13:46:49.141Z,,
62zsQAAN2w9fvxrCu7rAbfj3LrZmguo5grQPsaZupump,CLOSED,0.03,3.4535995690152556e-7,2.9330572100503075e-7,STOP_LOSS,-0.004521737525407787,0.0005731271266422037,-0.0050948646520499906,-16.98288217349997,1.537033752532448,-15.072458418025954,3108,,85,0,,,0.000023127126642203672,dry-run,0,,2026-09-24T13:49:01.093Z,2026-09-24T13:49:04.201Z,,
9qUz9B1SABYDKosYmQ8ZS1amxkeYUKtzZaCti3Pipump,CLOSED,0.03,3.5411123798038915e-7,1.9527340556495834e-7,STOP_LOSS,-0.013456604765327496,0.0005681615725720634,-0.01402476633789956,-46.74922112633187,0.003960672840846511,-44.85534921775833,742,,85,0,,,0.000018161572572063324,dry-run,0,,2026-09-24T13:54:47.307Z,2026-09-24T13:54:48.049Z,,
5tk4jTmVQDfjarP2uGa7Z3PtMAFVsr6n4yA1M8csTznp,CLOSED,0.015,3.1261569429637524e-7,3.744827526870786e-7,TAKE_PROFIT_1,0.002968519792166142,0.0004828463498657205,0.0024856734423004214,16.57115628200281,19.790131947774285,0,1056,,85,0,,,0.000007846349865720478,dry-run,1,"[""relaxed_h5_top10""]",2026-09-24T13:55:14.010Z,2026-09-24T13:55:15.066Z,,
ArmXobyWGdZSrSsB25Mgf36N1GdhEtVdimEv4gcipump,CLOSED,0.03,0.0000033658054268300965,0.000003873518719347003,TAKE_PROFIT_1,0.004525335497439045,0.0005585519366222714,0.003966783560816774,13.222611869389247,15.084451658130138,0,80312,,85,0,laserstream,pumpswap,0.000008551936622271346,dry-run,0,,2026-09-24T13:55:28.602Z,2026-09-24T13:56:48.914Z,,
7hEoBDSnc8eTWqA9M3x2ZRode1jvyhQeDGiLcmtDpump,CLOSED,0.03,3.1983453968294205e-7,2.609037402040464e-7,STOP_LOSS,-0.0055276205819404164,0.0005735434621367773,-0.006101164044077194,-20.337213480257315,0,-18.42540193980139,1001,,85,0,,,0.000023543462136777354,dry-run,0,,2026-09-24T14:07:12.385Z,2026-09-24T14:07:13.386Z,,
EGedEci3YJjv9NX4CyYgbd6vAqiuHNTRuAsrcv1Lpump,CLOSED,0.03,3.360533225750458e-7,2.8327121687890006e-7,STOP_LOSS,-0.004711940232433685,0.0005733723020733603,-0.005285312534507045,-17.617708448356815,0,-15.706467441445612,6171,,85,0,laserstream,pumpswap,0.000023372302073360235,dry-run,0,,2026-09-24T14:11:26.051Z,2026-09-24T14:11:32.222Z,,
6saNzZ1WCKDPpeH6Msb9m8XTHdtYBDxy79J1WPx1pump,CLOSED,0.03,3.466542261852411e-7,3.627725799815252e-7,TRAILING_STOP,0.0013949075977228364,0.0005766441624307128,0.0008182634352921236,2.727544784307079,14.2846321685878,-14.894669354392324,86046,,85,0,,,0.00002664416243071277,dry-run,0,,2026-09-24T14:10:12.677Z,2026-09-24T14:11:38.723Z,,
6tXfZXND9VtrbPUqCrqNM5aUxnofebm3Mp2fhG4ctJXu,CLOSED,0.03,3.2578953903334946e-7,2.686870586936656e-7,STOP_LOSS,-0.005258224113866212,0.0005734566594077348,-0.005831680773273947,-19.43893591091316,7.009578176220707,-17.52741371288738,93221,,66,0,laserstream,pumpswap,0.0000234566594077347,dry-run,0,,2026-09-24T14:20:50.746Z,2026-09-24T14:22:23.967Z,,
2tEY92LULnGepyYqYxfpDCNAfSno46sJWSKduUCrpump,CLOSED,0.03,3.3248003149879666e-7,3.4117870932941214e-7,TRAILING_STOP,0.0007848902496251386,0.0005768906086819215,0.00020799964094321706,0.6933321364773902,14.315565961584836,0,5588,,85,0,,,0.000026890608681921538,dry-run,0,,2026-09-24T14:25:47.756Z,2026-09-24T14:25:53.344Z,,
EvbLYiDaC7k5eAFVSShMh6NmoVuictoedDrk4VgtCGzE,CLOSED,0.03,3.2578953742870955e-7,4.2127775781584894e-7,TAKE_PROFIT_1,0.008792936182737403,0.0005826908671282558,0.008210245315609148,27.367484385363827,29.309787275791344,-6.679170644997087,11712,,85,0,,,0.000032690867128255796,dry-run,0,,2026-09-24T14:30:52.317Z,2026-09-24T14:31:04.029Z,,
41RgtUg6VDvAm37UeHEhopzuJYJFJmf4BCtHsf5ppump,CLOSED,0.015,3.069890948048033e-7,3.702917347592303e-7,TAKE_PROFIT_1,0.003093072735760087,0.0004829712635818011,0.002610101472178286,17.400676481188576,20.620484905067237,-4.822196425956426,10391,,85,0,,,0.000007971263581801085,dry-run,1,"[""relaxed_h5_top10""]",2026-09-24T14:32:35.795Z,2026-09-24T14:32:46.186Z,,
7FcvSgWjGCZfNGHGWFCaRnbTFjcRezHMzPnb5cpvpump,CLOSED,0.015,3.554272394727068e-7,2.87248522996698e-7,STOP_LOSS,-0.0028773279973063597,0.0004805179370509793,-0.003357845934357339,-22.38563956238226,1.4928932895097036,-19.182186648709067,1031,,85,0,,,0.000005517937050979328,dry-run,1,"[""relaxed_h5_top10""]",2026-09-24T14:49:27.406Z,2026-09-24T14:49:28.437Z,,
xDx25JCqqTNd5eCXdohRGi1M2EyKe3kZKqgQCbzpump,CLOSED,0.015,3.2578953071048816e-7,3.7587021303201887e-7,TAKE_PROFIT_1,0.002305814533649092,0.00048243978432524015,0.001823374749323852,12.155831662159015,15.372096890993944,0,21898,,85,0,,,0.000007439784325240156,dry-run,1,"[""relaxed_h5_top10""]",2026-09-24T14:51:10.154Z,2026-09-24T14:51:32.052Z,,
Brs8X83QLzyNZYWsm3iDHjCo1aMdUS7rjRMyeApJpump,CLOSED,0.03,3.4464564026022945e-7,4.0311671071947985e-7,TAKE_PROFIT_1,0.0050896686592438265,0.0005789137611187769,0.00451075489812505,15.035849660416833,16.965562197479418,0,1575,,85,0,,,0.000028913761118776843,dry-run,0,,2026-09-24T14:58:20.774Z,2026-09-24T14:58:22.349Z,,
5WLvHzsLpNFa6sxcmdfp7Q9EQg2W8sDtgcYrv4Qpump,CLOSED,0.03,3.257895325761237e-7,3.1156397749575985e-7,TRAILING_STOP,-0.0013099458691515752,0.0005758584752924473,-0.0018858043444440224,-6.286014481480075,12.74898335610333,-4.366486230505248,3064,,85,0,,,0.000025858475292447207,dry-run,0,,2026-09-24T15:03:59.417Z,2026-09-24T15:04:02.481Z,,
8ouaSxj5XZ8i5rn7XWSntEgC3g7TQqsutk6VVM4ppump,CLOSED,0.015,3.4614983178132096e-7,2.9190003366361344e-7,STOP_LOSS,-0.0023508518481086395,0.0004807486784745372,-0.0028316005265831765,-18.877336843887843,3.5200084418126694,-15.67234565405759,5565,,70,0,laserstream,pumpswap,0.00000574867847453724,dry-run,1,"[""relaxed_h5_top10""]",2026-09-24T15:11:00.017Z,2026-09-24T15:11:05.582Z,,
ER38LH6PA6bB46rVXkSd3na8XBdqCLmWRdtXoFWNpump,CLOSED,0.03,3.2578953238762684e-7,2.7254999598338267e-7,STOP_LOSS,-0.004902508930909974,0.0005736675684758633,-0.0054761764993858375,-18.25392166461946,9.782289736912265,-16.341696436366586,3851,,85,0,,,0.00002366756847586326,dry-run,0,,2026-09-24T15:13:23.219Z,2026-09-24T15:13:27.070Z,,
GDE8p4QaGrMLZ2RD8EJJGF3WXSW4MuZ2MhbNu6gupump,CLOSED,0.015,3.426788790047892e-7,3.3148649708545965e-7,TRAILING_STOP,-0.0004899214368785093,0.00048133668001305136,-0.0009712581168915607,-6.4750541126104055,12.874750945576727,-3.2661429125233914,1440,,85,0,,,0.000006336680013051377,dry-run,1,"[""relaxed_h5_top10""]",2026-09-24T15:20:28.681Z,2026-09-24T15:20:30.121Z,,
EPsW9gCvDLFcdHyWsHeoyrEFouoV5v1GNCcovi6Zpump,CLOSED,0.03,0.000003170911518642345,0.0000033178001051083555,EMERGENCY_EXIT,0.0013897132001548472,0.0005581797995122948,0.0008315334006425524,2.7717780021418417,4.632377333849487,0,60378,,68,0,laserstream,pumpswap,0.000008179799512294747,dry-run,0,,2026-09-24T15:22:30.014Z,2026-09-24T15:23:30.392Z,,
E2147bEN9tw5suWR581Ghm5JkRWustovMAYPwWzFpump,CLOSED,0.03,2.9565589163155964e-7,3.0105748235477975e-7,TRAILING_STOP,0.0005480956959874938,0.0005785512379575354,-0.000030455541970041524,-0.10151847323347175,12.290822977114074,0,3995,,85,0,,,0.000028551237957535314,dry-run,0,,2026-09-24T15:24:13.452Z,2026-09-24T15:24:17.447Z,,
9e7B9eT98vvZeRegqdRUqrdfTvbsF5hBB6ujdkZopump,CLOSED,0.03,3.318576358964173e-7,2.2791043163920588e-7,STOP_LOSS,-0.009396849101551768,0.0005709065749866225,-0.00996775567653839,-33.22585225512797,8.422178999462812,-31.32283033850589,6231,,85,0,,,0.00002090657498662247,dry-run,0,,2026-09-24T15:28:00.323Z,2026-09-24T15:28:06.554Z,,
GM9XGgaQMKDRV3YDGed6VhhUAfDE4oGFgcVMZZMKnhci,CLOSED,0.03,7.841241051892172e-7,4.865616712983162e-7,STOP_LOSS,-0.01138451548377394,0.0005623669882800533,-0.011946882472053994,-39.82294157351332,0.9271108178272184,-37.94838494591314,1090,,61,0,laserstream,pumpswap,0.000012366988280053283,dry-run,0,,2026-09-24T15:33:14.136Z,2026-09-24T15:33:15.226Z,,
G2zWaTov4c9JJ97piQzHVus3vVeDNNdG3i6Y7yJSpump,CLOSED,0.03,3.2578953254229093e-7,2.690999486972548e-7,STOP_LOSS,-0.005220203062019241,0.0005734812713983584,-0.005793684333417599,-19.312281111392,0.0724131446163844,-17.400676873397476,18600,,85,0,,,0.000023481271398358276,dry-run,0,,2026-09-24T15:35:44.415Z,2026-09-24T15:36:03.015Z,,
AAkZAvAqddCWg284KWY9c5iY415RgCWNqw9vKXHiLeaf,CLOSED,0.03,3.3353889843846066e-7,2.788132773836838e-7,STOP_LOSS,-0.004922270353861645,0.0005733477769257851,-0.00549561813078743,-18.31872710262477,0,-16.407567846205485,7504,,85,0,laserstream,pumpswap,0.000023347776925785003,dry-run,0,,2026-09-24T15:37:17.354Z,2026-09-24T15:37:24.858Z,,
FJACueGsBZ2T2oJ9CSx8j8EguELbDvkcERRnjh3Dpump,CLOSED,0.015,3.2578953059449007e-7,3.918993505446061e-7,TAKE_PROFIT_1,0.00304382801203653,0.0004826949471375569,0.002561133064898973,17.07422043265982,20.292186746910193,0,636,,85,0,,,0.000007694947137556902,dry-run,1,"[""relaxed_h5_top10""]",2026-09-24T15:37:25.220Z,2026-09-24T15:37:25.856Z,,
LtCnYziypeRFPWvvwHqVQnPQFHMnoXzoNKXf85Mpump,CLOSED,0.03,3.3630587489988546e-7,3.868938908321775e-7,TAKE_PROFIT_1,0.0045126790556975745,0.0005791643365741334,0.003933514719123441,13.111715730411472,15.042263518991907,-0.3866011746070017,6939,,85,0,,,0.000029164336574133382,dry-run,0,,2026-09-24T15:38:40.986Z,2026-09-24T15:38:47.925Z,,
Eg2tDZdWzS4MNUDgFyp6GMXGZG9GV1o8BqVnEgYypump,CLOSED,0.015,3.352100421309127e-7,2.7503558508968843e-7,STOP_LOSS,-0.002692690379680978,0.0004807543151811247,-0.0031734446948621024,-21.15629796574735,1.0432688666197727,-17.951269197873184,1539,,65,0,laserstream,pumpswap,0.000005754315181124704,dry-run,1,"[""relaxed_h5_top10""]",2026-09-24T15:46:11.869Z,2026-09-24T15:46:13.408Z,,
3dkzYYNZvF9WNqqyJurNEYCZ8fPZXBd1cq2D3UM3pump,CLOSED,0.015,3.372859182506462e-7,2.853665591413069e-7,STOP_LOSS,-0.002308991702586734,0.0004808458598640451,-0.002789837562450779,-18.598917083005194,1.4424325774735196,-15.393278017244896,1958,,85,0,,,0.000005845859864045049,dry-run,1,"[""relaxed_h5_top10""]",2026-09-24T15:50:40.921Z,2026-09-24T15:50:42.879Z,,
D6DXAViErQsAZT32jWi87chHwcXZ9soPsRcGEw72pump,CLOSED,0.015,3.4269321186585413e-7,2.8148933401046375e-7,STOP_LOSS,-0.0026789505483120735,0.0004806877980786496,-0.003159638346390723,-21.06425564260482,9.494067692919801,-17.859670322080497,13073,,85,0,laserstream,pumpswap,0.0000056877980786495786,dry-run,1,"[""relaxed_h5_top10""]",2026-09-24T15:59:23.851Z,2026-09-24T15:59:36.924Z,,
Cmdj2aC7LKGCrXNoT85DDDekxtNQ7er3fTdNJwLZTSoL,CLOSED,0.03,3.356797153786921e-7,3.9215303558967784e-7,TAKE_PROFIT_1,0.005047071743427469,0.0005795515213287459,0.004467520222098723,14.89173407366241,16.823572478091567,0,7950,,85,0,,,0.000029551521328745827,dry-run,0,,2026-09-24T16:00:41.003Z,2026-09-24T16:00:48.953Z,,
9Ayb9a7A3HtZYSbifyUqTB92yx1FSYoi73JESPsBpump,CLOSED,0.015,3.4531074361712243e-7,4.973537984588506e-7,TAKE_PROFIT_1,0.006604618781148269,0.0004837103266473637,0.006120908454500905,40.80605636333937,44.0307918743218,0,1011,,85,0,,,0.000008710326647363739,dry-run,1,"[""relaxed_h5_top10""]",2026-09-24T16:04:49.603Z,2026-09-24T16:04:50.614Z,,
DYUwDtScaN1ku7iUQM8kLyrE9fSAo8zEAm9xtqTSpump,CLOSED,0.03,3.299422224282641e-7,4.0340345309543293e-7,TAKE_PROFIT_1,0.006679463161142469,0.0005809701315179635,0.006098493029624506,20.328310098748354,22.264877203808233,0,1789,,85,0,,,0.00003097013151796343,dry-run,0,,2026-09-24T16:05:04.334Z,2026-09-24T16:05:06.123Z,,
BewoWqr56gfPQXzWiMUSCVY4fJbthPZrdj17L3qCXEmg,CLOSED,0.03,3.2793312799554637e-7,3.97460346864701e-7,TAKE_PROFIT_1,0.006360493612901978,0.0005808509147880062,0.005779642698113972,19.26547566037991,21.20164537633992,-6.282977674634174,7056,,85,0,,,0.00003085091478800623,dry-run,0,,2026-09-24T16:05:49.092Z,2026-09-24T16:05:56.148Z,,
GfCV4VcL9F8GAHttQmzXKK7J9HEdjgHZhj5dEfZVpump,CLOSED,0.03,3.257895374867086e-7,2.7659150592298223e-7,STOP_LOSS,-0.004530350969211237,0.0005738893962958349,-0.005104240365507072,-17.01413455169024,0,-15.10116989737079,3941,,85,0,,,0.000023889396295834826,dry-run,0,,2026-09-24T16:14:43.256Z,2026-09-24T16:14:47.197Z,,
F4rJVZAgLwuKGieSsPojDGn8yVUEfDE3hp7e23fNe5zc,CLOSED,0.015,3.308076196619531e-7,2.670609998977874e-7,STOP_LOSS,-0.00289049961255309,0.000480740328607903,-0.003371239941160993,-22.474932941073288,0,-19.269997417020598,1043,,85,0,,,0.000005740328607902972,dry-run,1,"[""relaxed_h5_top10""]",2026-09-24T16:15:26.170Z,2026-09-24T16:15:27.213Z,,
25gQaao1ELhRmWJtRWJqQi2ftQMvLyJNZVuMHSd7pump,CLOSED,0.03,3.363058759836368e-7,2.824320152987437e-7,STOP_LOSS,-0.004805791203676239,0.0005733060079417266,-0.0053790972116179656,-17.930324038726553,7.955445152042979,-16.01930401225413,2460,,85,0,,,0.00002330600794172659,dry-run,0,,2026-09-24T16:17:39.037Z,2026-09-24T16:17:41.497Z,,
DoCU8UG7uUtUCKuKY8LvUwsDXMCVhfv7auus4hyFpump,CLOSED,0.03,3.2578953113098115e-7,3.826733567673228e-7,TAKE_PROFIT_1,0.0052380896438448095,0.0005801824284672264,0.004657907215377583,15.526357384591943,17.460298812816035,-2.116868031286425,3667,,85,0,,,0.000030182428467226376,dry-run,0,,2026-09-24T16:24:37.655Z,2026-09-24T16:24:41.322Z,,
4pBpAeNKP3pwYjNbFDCC3QypG1WB6pM9s6ByHzYFAgwY,CLOSED,0.03,3.2578953773803767e-7,4.4820372608391573e-7,TAKE_PROFIT_1,0.01127238669441031,0.0005845078248540457,0.010687878869556263,35.62626289852088,37.57462231470104,-13.826415539176976,30609,,85,0,,,0.00003450782485404565,dry-run,0,,2026-09-24T16:28:34.939Z,2026-09-24T16:29:05.548Z,,
FjiSfapjARg6j8JJdJiZdov7Z5bTjy56qqBFKNCApump,CLOSED,0.03,3.108082111628206e-7,3.2058959033536267e-7,TRAILING_STOP,0.0009441236255580798,0.0005780252795467904,0.0003660983460112894,1.2203278200376315,12.140985204584156,-4.06793686383571,3817,,85,0,laserstream,pumpswap,0.00002802527954679036,dry-run,0,,2026-09-24T16:29:48.274Z,2026-09-24T16:29:52.091Z,,
DJhAWE4tuVFNw57JLBEw6sJbtF6xntFPFkbmXTMJpump,CLOSED,0.03,3.25789532619623e-7,2.2987644352370727e-7,STOP_LOSS,-0.008832059918379834,0.0005714316828126171,-0.00940349160119245,-31.344972003974835,2.6576084144967758,-29.440199727932775,3222,,85,0,,,0.00002143168281261703,dry-run,0,,2026-09-24T16:39:58.998Z,2026-09-24T16:40:02.220Z,,
5pSEZw1iytqYznD7crsGyKNek7q5JkjBqj2KmfqxUVZd,CLOSED,0.03,3.2578953557757373e-7,3.9919660082214884e-7,TAKE_PROFIT_1,0.0067596153861512985,0.0005812437571784807,0.006178371628972818,20.59457209657606,22.532051287170994,-6.81188564195002,2602,,85,0,,,0.00003124375717848059,dry-run,0,,2026-09-24T16:52:43.184Z,2026-09-24T16:52:45.786Z,,
J5CsLwwhU9YKTjQN4JYiiZgQuoKpsGLZsDsEQrJLpump,CLOSED,0.015,3.352328659726599e-7,2.842335043976427e-7,STOP_LOSS,-0.002281967257016044,0.00048087396358724487,-0.002762841220603289,-18.418941470688594,2.314459752877325,-15.213115046773629,1756,,85,0,,,0.000005873963587244845,dry-run,1,"[""relaxed_h5_top10""]",2026-09-24T17:00:06.273Z,2026-09-24T17:00:08.029Z,,
F4sL4ycjbHFDhHr2xvgQjPY6LEmhK8cnR3SBJUGtpump,CLOSED,0.03,4.274450059035032e-7,3.518274340692035e-7,STOP_LOSS,-0.005307178990742769,0.0005701385558471301,-0.005877317546589899,-19.591058488633,0.08554333651444021,-17.690596635809236,33291,,80,0,laserstream,pumpswap,0.00002013855584713013,dry-run,0,,2026-09-24T17:03:20.309Z,2026-09-24T17:03:53.600Z,,
DzRyoieNzu1sgJMoTu7hWmHjr21Lz5chGRMNfAE6pump,CLOSED,0.03,3.361835149044062e-7,2.5767360472907805e-7,STOP_LOSS,-0.0070059869114331005,0.0005720562518207902,-0.007578043163253891,-25.26014387751297,4.906117378285609,-23.353289704777005,3541,,85,0,,,0.000022056251820790095,dry-run,0,,2026-09-24T17:08:21.722Z,2026-09-24T17:08:25.263Z,,
HNnMeQ4ji2nKk12mG9qnSDuJVZVfbfmodzxdaZPmpump,CLOSED,0.015,3.2578953074915416e-7,3.756019035727061e-7,TAKE_PROFIT_1,0.0022934610287664034,0.00048243337973455006,0.0018110276490318534,12.073517660212357,15.289740191776028,-13.906526556047504,1383,,76,0,,,0.000007433379734550075,dry-run,1,"[""relaxed_h5_top10""]",2026-09-24T17:44:15.422Z,2026-09-24T17:44:16.805Z,,
7gMjeGDbCRwdYyPJi17xRj8fYH4CcMSCwFan89eDpump,CLOSED,0.03,3.288825230972822e-7,3.842166896859311e-7,TAKE_PROFIT_1,0.005047470999754029,0.0005798940441332132,0.004467576955620816,14.89192318540272,16.824903332513422,0,2996,,85,0,laserstream,pumpswap,0.000029894044133213206,dry-run,0,,2026-09-24T17:58:39.148Z,2026-09-24T17:58:42.144Z,,
6PKYp8RSQuchqGRzpQaLJ87RVANw74L4Y1UuvpN4pump,CLOSED,0.03,3.2578953289511843e-7,2.694802003641429e-7,STOP_LOSS,-0.005185187998268491,0.0005735021195999481,-0.005758690117868439,-19.19563372622813,0,-17.283959994228308,693,,85,0,,,0.000023502119599948095,dry-run,0,,2026-09-24T18:02:27.559Z,2026-09-24T18:02:28.252Z,,
B2udtJeSjjbipTASRx52HLpfiDEvTBPNzPdn84JVpump,CLOSED,0.015,3.2578953439342675e-7,2.6987225146393104e-7,STOP_LOSS,-0.0025745432415565,0.0004808815698762014,-0.0030554248114327016,-20.36949874288468,6.826168199657166,-17.163621610376666,5913,,85,0,,,0.000005881569876201428,dry-run,1,"[""relaxed_h5_top10""]",2026-09-24T18:06:23.739Z,2026-09-24T18:06:29.652Z,,
GaV58XheErrvHbfNvcQvvxtPEhjdwTBwwbrAZugGpump,CLOSED,0.03,3.25789532658289e-7,3.8293205874199314e-7,TAKE_PROFIT_1,0.005261911788642934,0.0005802006356711889,0.004681711152971745,15.605703843239151,17.539705962143117,0,442,,85,0,,,0.000030200635671188866,dry-run,0,,2026-09-24T18:06:59.714Z,2026-09-24T18:07:00.156Z,,
BrJg7tHUJGaRKUQHZPT4kvviGUJ5djYyiLZUwCrqpump,CLOSED,0.03,3.257895346882552e-7,2.6816087093179e-7,STOP_LOSS,-0.005306677252074057,0.0005734293436870833,-0.0058801065957611405,-19.600355319203803,9.187304447648488,-17.688924173580194,25878,,85,0,,,0.00002342934368708332,dry-run,0,,2026-09-24T18:15:06.359Z,2026-09-24T18:15:32.237Z,,
1gWWhs7qrd9sBHwppQdMU2h2fTnnyoCYCSuVjFBpump,CLOSED,0.015,3.244617654552664e-7,4.0405872642920675e-7,TAKE_PROFIT_1,0.0036798000310878385,0.0004829362192705564,0.003196863811817282,21.312425412115214,24.53200020725227,-1.4425568561895603,9492,,79,0,,,0.000007936219270556397,dry-run,1,"[""relaxed_h5_top10""]",2026-09-24T18:17:43.554Z,2026-09-24T18:17:53.046Z,,
8ACRSHVTfiaZZLP4HHTYn5Rv8ERZP4T6tP6h5emeTuii,CLOSED,0.015,3.2578953223779603e-7,2.6185215451825527e-7,STOP_LOSS,-0.00294380442246096,0.0004807837796071579,-0.0034245882020681176,-22.83058801378745,0,-19.6253628164064,1480,,85,0,,,0.0000057837796071579156,dry-run,1,"[""relaxed_h5_top10""]",2026-09-24T18:18:36.679Z,2026-09-24T18:18:38.159Z,,
BA5GyK6sFvamGbZiPPXPqHCGezhRafhFQccDuwPipump,CLOSED,0.03,3.39589964441248e-7,2.700330771682013e-7,STOP_LOSS,-0.006144782934397989,0.0005724149281732654,-0.006717197862571254,-22.39065954190418,2.2708085541294416,-20.482609781326637,1131,,85,0,,,0.000022414928173265378,dry-run,0,,2026-09-24T18:19:53.564Z,2026-09-24T18:19:54.695Z,,
7YQGD6vjEHgSUT5tkHuaCu5TgHc6NMwjxXrhKkYHpump,CLOSED,0.03,3.2984524843094323e-7,3.803046658895678e-7,TAKE_PROFIT_1,0.00458937192807755,0.0005795320794919276,0.004009839848585622,13.36613282861874,15.297906426925167,-3.9218878755456794,4652,,85,0,,,0.00002953207949192754,dry-run,0,,2026-09-24T18:34:06.347Z,2026-09-24T18:34:10.999Z,,
9NnvxfavSswySguwuQ4Pa2wVZxM58x24rCXMb8rKpump,CLOSED,0.03,3.526620039441166e-7,4.16879064633805e-7,TAKE_PROFIT_1,0.005462771149556362,0.0005789965873067726,0.004883774562249589,16.279248540831965,18.20923716518788,0,1035,,71,0,laserstream,pumpswap,0.00002899658730677257,dry-run,0,,2026-09-24T18:43:36.537Z,2026-09-24T18:43:37.572Z,,
CGWowgbPvRRDSeU2j7rcxYdoqAy877kdHh96sUn5pump,CLOSED,0.03,3.2578953419043017e-7,2.758233442074391e-7,STOP_LOSS,-0.004601086106754879,0.0005738457117967687,-0.005174931818551648,-17.249772728505494,8.356245235687627,-15.33695368918293,2361,,85,0,,,0.000023845711796768628,dry-run,0,,2026-09-24T18:51:56.545Z,2026-09-24T18:51:58.906Z,,
7F8EHMBLttDXbx3kWqzCMTxeyP8ExMxWj5DUJUyTpump,CLOSED,0.03,3.2578954071048815e-7,3.7497448590067416e-7,TAKE_PROFIT_1,0.004529145878924401,0.0005796900770314909,0.003949455801892911,13.164852672976371,15.097152929748,0,49862,,85,0,,,0.0000296900770314908,dry-run,0,,2026-09-24T18:54:18.203Z,2026-09-24T18:55:08.065Z,,
BxdfWdGUUt1LvjKD4Ed5GvjpsR7CpuWiwhN4eM8aJNnY,CLOSED,0.03,3.028694145073523e-7,4.3884865036444536e-7,TAKE_PROFIT_1,0.013469095525371256,0.00058765413812509,0.012881441387246166,42.93813795748722,44.896985084570865,0,928,,85,0,,,0.000037654138125089954,dry-run,0,,2026-09-24T19:02:20.450Z,2026-09-24T19:02:21.378Z,,
JAra3zTcKBhDnM4jQwEcUj3rtsYaA6YCqRdaW7zApump,CLOSED,0.015,3.2578953059449007e-7,2.753320965418188e-7,STOP_LOSS,-0.002323160935862404,0.0004809563782750915,-0.0028041173141374956,-18.694115427583306,1.3959808535858587,-15.487739572416029,14577,,85,0,,,0.000005956378275091496,dry-run,1,"[""relaxed_h5_top10""]",2026-09-24T19:04:38.425Z,2026-09-24T19:04:53.002Z,,
DLffJ67s714yry1Kp9yNjqz5GDmNFyNLUHoQrohBU6Re,CLOSED,0.03,3.255377975280624e-7,2.7385517560891077e-7,STOP_LOSS,-0.004762822226321946,0.0005737612392570977,-0.005336583465579044,-17.78861155193015,0.21796158342773822,-15.87607408773982,7578,,85,0,,,0.000023761239257097673,dry-run,0,,2026-09-24T19:16:03.317Z,2026-09-24T19:16:10.895Z,,
93YuffUUTUrhjFoqFK1Erum9oV7JopHpwNBmdH4pump,CLOSED,0.015,3.257895314548091e-7,3.753753972526973e-7,TAKE_PROFIT_1,0.002283032188440638,0.00048243196005213205,0.0018006002283885059,12.00400152259004,15.220214589604254,0,7753,,85,0,,,0.000007431960052132023,dry-run,1,"[""relaxed_h5_top10""]",2026-09-24T19:25:17.115Z,2026-09-24T19:25:24.868Z,,
BCKMZZthSdKzuBgLi79wZioMHrowdpA2XZmQJM9mpump,CLOSED,0.03,3.3679806497274504e-7,2.502294610623688e-7,STOP_LOSS,-0.007711024460670372,0.0005716440582183082,-0.00828266851888868,-27.60889506296227,9.321620618917018,-25.70341486890124,3999,,85,0,,,0.000021644058218308106,dry-run,0,,2026-09-24T19:32:46.268Z,2026-09-24T19:32:50.267Z,,
9rupPCXYwTD1dQYXyjUMJxtvwKF97hbLn7ottbVRpump,CLOSED,0.015,3.3948489473324623e-7,2.2575879578123416e-7,STOP_LOSS,-0.005024940758028728,0.00048007605449638165,-0.005505016812525109,-36.70011208350073,0,-33.49960505352485,2791,,85,0,,,0.000005076054496381669,dry-run,1,"[""relaxed_h5_top10""]",2026-09-24T19:33:10.491Z,2026-09-24T19:33:13.282Z,,
Drmm5j8qcJNHwdmYVm5t6mwKGgvHwhNnMwp2bzk3pump,CLOSED,0.03,4.3180247303067023e-7,4.98506820200542e-7,TAKE_PROFIT_1,0.004634365340825675,0.0005754803603251621,0.004058884980500513,13.529616601668376,15.447884469418923,0,442,,85,0,laserstream,pumpswap,0.000025480360325162082,dry-run,0,,2026-09-24T19:34:45.504Z,2026-09-24T19:34:45.946Z,,
4ZexgeWYxFE7Xvt6bzTuERFVYE5jAn19hz5vQWqDpump,CLOSED,0.015,3.02101076182521e-7,1.6051568225880532e-7,EMERGENCY_EXIT,-0.007030034237854242,0.00047989039087566974,-0.007509924628729911,-50.06616419153275,0,-46.866894919028276,774,,85,0,,,0.00000489039087566975,dry-run,1,"[""relaxed_h5_top10""]",2026-09-24T19:40:27.031Z,2026-09-24T19:40:27.805Z,,
4Cf16dgFaaMtYAdjLq5HvaH4RLHtAyFj6ZVSNuwyi35K,CLOSED,0.03,3.119942244924549e-7,2.5746689388729083e-7,STOP_LOSS,-0.005243109614660454,0.0005740439460072287,-0.005817153560667683,-19.390511868892276,0,-17.47703204886818,710,,85,0,laserstream,pumpswap,0.000024043946007228716,dry-run,0,,2026-09-24T19:40:45.102Z,2026-09-24T19:40:45.812Z,,
3vgW2ginNvzRpKnN7kcZmpjQKs5y6Efn2nnE7JbUPgQ2,CLOSED,0.015,3.2673861089960814e-7,4.096035398471001e-7,TAKE_PROFIT_1,0.003804184423720552,0.0004829485143602125,0.0033212359093603397,22.14157272906893,25.36122949147035,-7.828969831152199,4247,,85,0,,,0.000007948514360212503,dry-run,1,"[""relaxed_h5_top10""]",2026-09-24T19:44:26.465Z,2026-09-24T19:44:30.712Z,,
Dieo9HsRZuQxccuHkdNSH44LUnfL5anhU3ZA3h4ypump,CLOSED,0.03,3.2578953546157564e-7,4.167217648559968e-7,TAKE_PROFIT_1,0.008373402411368663,0.0005823935168534718,0.007791008894515191,25.970029648383974,27.911341371228893,0,2323,,85,0,,,0.00003239351685347167,dry-run,0,,2026-09-24T19:46:04.165Z,2026-09-24T19:46:06.488Z,,
2FAEpxCuK6ba6m2B2jp9SSzCCu6ZZLqBQLHpJAf5Hdsm,CLOSED,0.015,3.2578953182213627e-7,2.644708752418477e-7,STOP_LOSS,-0.0028232332805784546,0.00048080904204371493,-0.0033040423226221695,-22.02694881748113,1.6796890742799764,-18.821555203856366,3634,,85,0,,,0.000005809042043714936,dry-run,1,"[""relaxed_h5_top10""]",2026-09-24T19:56:46.795Z,2026-09-24T19:56:50.429Z,,
5iD7MQzFAScX9mnWmHcC9UYMScXxQZ244XJaqJTvMwpQ,CLOSED,0.03,7.795906233796897e-8,1.2468289852820557e-7,TAKE_PROFIT_1,0.01798014295798438,0.0006398904961242652,0.017340252461860117,57.80084153953372,59.93380985994793,0,366,,70,0,laserstream,pumpswap,0.0000898904961242652,dry-run,0,,2026-09-24T20:01:21.181Z,2026-09-24T20:01:21.547Z,,
8LHgAXXPbMVqd3wmAQbTu4NxuRRe3qowgUSLiKmFpump,CLOSED,0.03,3.323442809458085e-7,2.7172887430691424e-7,STOP_LOSS,-0.0054716217591941774,0.0005730732753650183,-0.006044695034559196,-20.148983448530654,4.208696074856533,-18.23873919731392,5868,,85,0,helius-ws,pumpswap,0.000023073275365018325,dry-run,0,,2026-09-24T20:11:45.899Z,2026-09-24T20:11:51.767Z,,
JGeEdPbiC4ANHbNge4nA24F3S2WT2mhhrQUsnJupump,CLOSED,0.03,3.2578953557274045e-7,2.166536868081703e-7,STOP_LOSS,-0.010049664293794015,0.0005707737070673716,-0.010620438000861387,-35.40146000287129,7.610133062974765,-33.49888097931338,7604,,85,0,laserstream,pumpswap,0.000020773707067371516,dry-run,0,,2026-09-24T20:11:46.165Z,2026-09-24T20:11:53.769Z,,
BPKwyUZaJgfVfJEBJbd3uUfVV2nxj9reuSGfi3idpump,CLOSED,0.03,3.2578953930884486e-7,2.557415459258047e-7,STOP_LOSS,-0.006450298576035811,0.0005727660942017162,-0.007023064670237528,-23.410215567458426,11.829525793624668,-21.500995253452697,4708,,85,0,,,0.000022766094201716216,dry-run,0,,2026-09-24T20:18:41.046Z,2026-09-24T20:18:45.754Z,,
3vnw4qu4xey88LasH1F7yp8ZerHNMV33sTA3WAufpump,CLOSED,0.03,4.15000146479408e-7,5.560918437263003e-7,TAKE_PROFIT_1,0.01019939620097651,0.000579513374321069,0.00961988282665544,32.06627608885147,33.99798733658836,-6.356361047573289,1953,,68,0,laserstream,pumpswap,0.000029513374321068892,dry-run,0,,2026-09-24T20:23:19.937Z,2026-09-24T20:23:21.890Z,,
GMBAkEHRZ9b6WGDVhbaU2LB9vzq9KPoT4BtA4PRDpump,CLOSED,0.015,3.257895336926051e-7,2.576646300241077e-7,STOP_LOSS,-0.0031366064570743334,0.00048071810444998527,-0.0036173245615243187,-24.11549707682879,4.19060044136129,-20.910709713828886,1225,,85,0,,,0.000005718104449985272,dry-run,1,"[""relaxed_h5_top10""]",2026-09-24T20:33:44.050Z,2026-09-24T20:33:45.275Z,,
12gJMyG1AhanNN7VqxJy75AzAiw37v85V2DvjVcSpump,CLOSED,0.015,3.257895306041566e-7,3.797093976783188e-7,TAKE_PROFIT_1,0.0024825782603037205,0.0004825006040349879,0.0020000776562687323,13.33385104179155,16.55052173535813,0,36521,,85,0,,,0.000007500604034987917,dry-run,1,"[""relaxed_h5_top10""]",2026-09-24T20:34:09.321Z,2026-09-24T20:34:45.842Z,,
66PH33DNUCWDvw2C3tG2TKUcYARiGMyAAJZFB1QVpump,CLOSED,0.03,3.2578953441275975e-7,3.756267279580566e-7,TAKE_PROFIT_1,0.004589207597026936,0.0005797365529693677,0.004009471044057569,13.364903480191897,15.297358656756451,-0.6555242788175499,5829,,85,0,,,0.000029736552969367664,dry-run,0,,2026-09-24T20:38:40.911Z,2026-09-24T20:38:46.740Z,,
RiPShcievb15Kg8KDxw2LpbGrHGRcK3i59tNbiAicbq,CLOSED,0.03,3.294809669568478e-7,2.415162740252706e-7,STOP_LOSS,-0.008009387650889526,0.0005717477757358098,-0.008581135426625336,-28.603784755417788,1.908156478371708,-26.697958836298426,4598,,85,0,,,0.000021747775735809864,dry-run,0,,2026-09-24T20:43:45.811Z,2026-09-24T20:43:50.409Z,,
D4NvkcZ7U8TSkMnGGfgB24Dv2J6ZQX48ki3odCjQpump,CLOSED,0.03,3.070462884580031e-7,3.616666308247061e-7,TAKE_PROFIT_1,0.005336688091004926,0.0005812648428328886,0.0047554232481720375,15.851410827240125,17.78896030334976,0,1327,,85,0,,,0.00003126484283288854,dry-run,0,,2026-09-24T20:44:43.804Z,2026-09-24T20:44:45.131Z,,
G4yf5QXFEmCEuJGc69Gvwru8JoNtovw6jMptQMEvpump,CLOSED,0.015,3.2578953219429676e-7,3.748572028749096e-7,TAKE_PROFIT_1,0.002259173446279553,0.0004824228340415453,0.0017767506122380078,11.845004081586719,15.061156308530354,-7.117500120964112,80028,,85,0,,,0.000007422834041545276,dry-run,1,"[""relaxed_h5_top10""]",2026-09-24T20:51:30.932Z,2026-09-24T20:52:50.960Z,,
7UrYYi99m5XeyY5bRKjEHpkykWq9ZDBGRguPhghjpump,CLOSED,0.015,3.2578953354277427e-7,1.964548749861272e-7,STOP_LOSS,-0.005954825673044504,0.00047995262756284844,-0.006434778300607353,-42.89852200404902,0,-39.698837820296696,816,,65,0,,,0.000004952627562848414,dry-run,1,"[""relaxed_h5_top10""]",2026-09-24T20:53:22.674Z,2026-09-24T20:53:23.490Z,,
44NznjLNUbXPktCZSaDwb9naR1HSR5YusLXTHXUrpump,CLOSED,0.03,3.487532162803981e-7,4.012909437925295e-7,TAKE_PROFIT_1,0.004519332730961052,0.0005785791547940429,0.003940753576167009,13.13584525389003,15.06444243653684,-6.744979034677553,19013,,85,0,,,0.000028579154794042884,dry-run,0,,2026-09-24T20:55:18.177Z,2026-09-24T20:55:37.190Z,,
EaypqGv3jEqZme5idLiq2vce1iNCk53ahTRWsqzWpump,CLOSED,0.015,3.257895344224263e-7,3.8776748686699034e-7,TAKE_PROFIT_1,0.0028535885546987195,0.0004826288160460977,0.002370959738652622,15.806398257684146,19.02392369799147,-14.511118433978066,45729,,85,0,,,0.0000076288160460976685,dry-run,1,"[""relaxed_h5_top10""]",2026-09-24T21:04:32.886Z,2026-09-24T21:05:18.615Z,,
HY4Quh2SyoLY6U9ztmj31qSQfojSwawNAg8W5zxBpump,CLOSED,0.03,3.257895319864669e-7,1.4800601359294574e-8,EMERGENCY_EXIT,-0.02863710157268871,0.0005635397331700233,-0.029200641305858734,-97.33547101952912,10.87252458025412,-95.45700524229571,2375,,85,0,,,0.000013539733170023347,dry-run,0,,2026-09-24T21:05:38.261Z,2026-09-24T21:05:40.636Z,,
2Yb7ci5Mc6fYJ8RgXbHgUi1ihVn9aWiZupZN8DZFpump,CLOSED,0.015,3.257895332286129e-7,2.7574318732325226e-7,STOP_LOSS,-0.002304233598731461,0.00048096145145647487,-0.0027851950501879357,-18.567967001252907,10.902966568515483,-15.3615573248764,7295,,85,0,,,0.0000059614514564748895,dry-run,1,"[""relaxed_h5_top10""]",2026-09-24T21:15:10.252Z,2026-09-24T21:15:17.547Z,,
J7FEZXqnzY5AnazP3ueBuWSB22WdHsVrj4KQmYDFpump,CLOSED,0.03,3.50542384201663e-7,2.843244188923951e-7,STOP_LOSS,-0.0056670435553813235,0.0005722834960535953,-0.006239327051434919,-20.797756838116396,11.095102924977342,-18.890145184604407,8554,,85,0,,,0.00002228349605359525,dry-run,0,,2026-09-24T21:18:28.586Z,2026-09-24T21:18:37.140Z,,
4UQSzcXDYvfzcH9b5ePp7wVjhZ33CKHpnezm5fUhpump,CLOSED,0.03,3.257895353020783e-7,3.0939614063847377e-7,TRAILING_STOP,-0.0015095691746271932,0.0005757335766166937,-0.002085302751243887,-6.951009170812957,12.193986353926702,-5.03189724875731,3461,,85,0,,,0.000025733576616693608,dry-run,0,,2026-09-24T21:22:17.812Z,2026-09-24T21:22:21.273Z,,
2NPA6dSsoFQX13sbegCfcNKTwx9krmBtsnxS7euypump,CLOSED,0.03,3.276156956332023e-7,2.7792982821202914e-7,STOP_LOSS,-0.004549769875201704,0.0005738025866271815,-0.005123572461828886,-17.078574872762953,0,-15.165899584005684,3564,,85,0,,,0.000023802586627181483,dry-run,0,,2026-09-24T21:32:15.042Z,2026-09-24T21:32:18.606Z,,
6j2M39frXCHgi86wRxssnT1CLhNGaCoc3taVtGNjpump,CLOSED,0.015,3.171598988468384e-7,2.6574257588491736e-7,STOP_LOSS,-0.002431769738964601,0.0004810136944084395,-0.0029127834333730405,-19.418556222486938,7.783852043006381,-16.211798259764013,2280,,85,0,,,0.000006013694408439516,dry-run,1,"[""relaxed_h5_top10""]",2026-09-24T21:40:04.546Z,2026-09-24T21:40:06.826Z,,
6FDw6jns8g7czuRucp5993RBNRPvqtMfv5Jv3hjnpump,CLOSED,0.03,3.25789545258579e-7,4.017648793174469e-7,TAKE_PROFIT_1,0.006996111615420288,0.0005814080626240825,0.006414703552796205,21.382345175987354,23.32037205140096,-11.73378747994522,5387,,65,0,,,0.00003140806262408248,dry-run,0,,2026-09-24T21:45:40.084Z,2026-09-24T21:45:45.471Z,,
6JeJQ7xs9LJTGkP4hgZ8u3yeLnNc7wQJgxo5hFLxUxQ8,CLOSED,0.03,3.2578953237796035e-7,3.789372180409879e-7,TAKE_PROFIT_1,0.004894050948331481,0.0005799450258102227,0.004314105922521258,14.38035307507086,16.313503161104943,-14.95278051133445,2926,,85,0,,,0.000029945025810222597,dry-run,0,,2026-09-24T21:49:12.872Z,2026-09-24T21:49:15.798Z,,
9nm2D29sJJWsmRvxdGh68P5AgiKYfkg9MmwUdgBUpump,CLOSED,0.015,3.257895345190914e-7,2.1515498766295265e-7,EMERGENCY_EXIT,-0.005093835212637356,0.0004801762035731617,-0.005574011416210518,-37.160076108070115,11.059018827290203,-33.95890141758237,3754,,85,0,,,0.00000517620357316169,dry-run,1,"[""relaxed_h5_top10""]",2026-09-24T21:56:29.661Z,2026-09-24T21:56:33.415Z,,
6RNtRks5gWuYjXP8ERjp2ZThsEqbXDP23WsMWiYapump,CLOSED,0.03,3.406410246691566e-7,4.0474440118465666e-7,TAKE_PROFIT_1,0.005645536374641873,0.0005797197953144042,0.005065816579327469,16.886055264424897,18.81845458213957,0,11668,,85,0,,,0.000029719795314404223,dry-run,0,,2026-09-24T21:59:47.641Z,2026-09-24T21:59:59.309Z,,
8XRzQiC9SREmmuXydksZd4XjNmboK2qr2jPfntScrune,CLOSED,0.03,3.257895328371194e-7,2.720042874786634e-7,STOP_LOSS,-0.004952759981888025,0.0005736383016816174,-0.005526398283569643,-18.42132761189881,2.8662838136684976,-16.509199939626754,71520,,85,0,,,0.00002363830168161733,dry-run,0,,2026-09-24T22:01:49.196Z,2026-09-24T22:03:00.716Z,,
9mitdSho28CDF7CgyoLqvA3FPpGBPPk2rPouvVVopump,CLOSED,0.03,3.2578953579990336e-7,3.248822840430369e-7,TRAILING_STOP,-0.00008354336071343393,0.0005766368116675796,-0.0006601801723810134,-2.2006005746033783,14.686957035215645,-0.2784778690447812,3199,,85,0,,,0.000026636811667579557,dry-run,0,,2026-09-24T22:03:21.519Z,2026-09-24T22:03:24.718Z,,
Hsfd8N8QaKaZU8m3yQ23JWz9QeH5PRjfCyBHVgkwpump,CLOSED,0.03,3.2578953046399226e-7,4.2259174071971123e-7,TAKE_PROFIT_1,0.008913933801173944,0.0005827813040251073,0.008331152497148837,27.770508323829457,29.713112670579818,0,2043,,85,0,,,0.00003278130402510729,dry-run,0,,2026-09-24T22:05:38.766Z,2026-09-24T22:05:40.809Z,,
DJ4tqS4CHnE19qyXxh3d9YhRSEd6GA5HPwu41q2fpump,CLOSED,0.03,3.2578953159980664e-7,2.6492061461418075e-7,STOP_LOSS,-0.005605052748631228,0.0005732562108537636,-0.006178308959484992,-20.594363198283308,0.9121929517451373,-18.68350916210409,4395,,85,0,,,0.000023256210853763556,dry-run,0,,2026-09-24T22:05:50.420Z,2026-09-24T22:05:54.815Z,,
7c67PJmH6xVEQtnPRBhD4qVkzdKqn6j1xPfgokchjpo7,CLOSED,0.03,3.060745653395579e-7,3.5802633350956694e-7,TAKE_PROFIT_1,0.005092069781659963,0.0005811452595958768,0.004510924522064086,15.036415073546955,16.973565938866546,-0.43502931420218843,1504,,85,0,,,0.00003114525959587686,dry-run,0,,2026-09-24T22:06:53.297Z,2026-09-24T22:06:54.801Z,,
6E3m8RtMeASufPzf9G5on9EWMjC3EoLibwH27yD9pump,CLOSED,0.015,3.2578953466408893e-7,2.543190649752609e-7,STOP_LOSS,-0.003290642980406918,0.00048067403556093717,-0.0037713170159678552,-25.142113439785703,8.633231171548621,-21.937619869379457,5630,,85,0,,,0.00000567403556093715,dry-run,1,"[""relaxed_h5_top10""]",2026-09-24T22:12:11.581Z,2026-09-24T22:12:17.211Z,,
B2JBQ98ZARAABHvDmhjrkviz1XzoQrXr75G7RTFQpump,CLOSED,0.015,3.2578953901401647e-7,2.765931330279027e-7,STOP_LOSS,-0.0022651006291517484,0.00048097366751639594,-0.0027460742966681443,-18.30716197778763,0,-15.100670861011652,2128,,82,0,,,0.0000059736675163959316,dry-run,1,"[""relaxed_h5_top10""]",2026-09-24T22:18:24.187Z,2026-09-24T22:18:26.315Z,,
8iR2Lrnh6axXFGuBQLRz8L1DRhdq19ZZ58RuLGH2Y952,CLOSED,0.03,3.257895369550508e-7,3.823708108702924e-7,TAKE_PROFIT_1,0.005210229380974394,0.0005801624377029461,0.0046300669432714475,15.433556477571491,17.36743126991464,-4.925699868742965,8889,,85,0,,,0.00003016243770294609,dry-run,0,,2026-09-24T22:22:22.044Z,2026-09-24T22:22:30.933Z,,
26GZYEWdhxiP8wEzVyj9reBo59tL6wTkoYPJ2c4Cpump,CLOSED,0.015,3.25789532083132e-7,2.516582912499565e-7,STOP_LOSS,-0.00341315021814111,0.0004806392208429049,-0.003893789438984015,-25.958596259893437,0,-22.754334787607398,912,,85,0,,,0.000005639220842904854,dry-run,1,"[""relaxed_h5_top10""]",2026-09-24T22:22:36.004Z,2026-09-24T22:22:36.916Z,,
5AivPXb4HMjGBD9hP9yKUpRMwbP6YXnn7af94yMQYpdz,CLOSED,0.015,3.3007880677757176e-7,2.6342492767142543e-7,STOP_LOSS,-0.0030289984272329528,0.0004807074258974128,-0.0035097058531303655,-23.398039020869106,0,-20.19332284821969,857,,85,0,,,0.000005707425897412794,dry-run,1,"[""relaxed_h5_top10""]",2026-09-24T22:31:23.510Z,2026-09-24T22:31:24.367Z,,
4cMsJv1KUjBncSGdH3AHRXMzWTz7EeDMdUdwLbYopump,CLOSED,0.03,4.273586308946499e-7,3.6125980061454046e-7,STOP_LOSS,-0.004640048813924884,0.0005704855443049126,-0.005210534358229797,-17.36844786076599,3.0935227735798225,-15.466829379749617,4907,,69,0,laserstream,pumpswap,0.000020485544304912517,dry-run,0,,2026-09-24T22:33:36.796Z,2026-09-24T22:33:41.703Z,,
373mKKP9onYm1hgpRU4vdquYBZshbW49oPirgEqZ4rPC,CLOSED,0.03,3.257895326437893e-7,2.488686061816059e-7,STOP_LOSS,-0.007083185807533628,0.0005724060694259411,-0.007655591876959569,-25.518639589865234,0,-23.610619358445433,1214,,85,0,,,0.000022406069425941116,dry-run,0,,2026-09-24T22:44:58.600Z,2026-09-24T22:44:59.814Z,,
62tffokaihyUDrtQUf3nCc22NhR3THX9vyGQmizycv4i,CLOSED,0.015,3.2578953085548575e-7,2.6963257772757964e-7,STOP_LOSS,-0.002585578163628113,0.00048087868861028415,-0.0030664568522383974,-20.443045681589318,9.354492582106985,-17.23718775752076,5181,,85,0,,,0.000005878688610284127,dry-run,1,"[""relaxed_h5_top10""]",2026-09-24T22:49:41.073Z,2026-09-24T22:49:46.254Z,,
2jontZVzSGtWDJV1536tUwVhyoSHn5WjELGMRuFfpump,CLOSED,0.03,3.303744833261721e-7,2.693019464847219e-7,STOP_LOSS,-0.005545755491760044,0.0005731090950748767,-0.00611886458683492,-20.396215289449735,1.8157633380143152,-18.485851639200146,1675,,85,0,,,0.00002310909507487668,dry-run,0,,2026-09-24T22:58:27.697Z,2026-09-24T22:58:29.372Z,,
BApLpb7iisRPifoBAAX9WP3zPFwvrK3AUbobTXtVpump,CLOSED,0.03,5.476330677460812e-7,4.6310879004578004e-7,STOP_LOSS,-0.004630341884659099,0.0005678822787733502,-0.005198224163432449,-17.327413878108167,0.30388470401907786,-15.434472948863668,2688,,85,0,laserstream,pumpswap,0.00001788227877335019,dry-run,0,,2026-09-24T23:03:26.373Z,2026-09-24T23:03:29.061Z,,
Bg75GaeTN7uVqtUEsquh61hwENeaA8TD5K8HwX4Lfomo,CLOSED,0.03,3.2851178790335354e-7,3.8163332692319635e-7,TAKE_PROFIT_1,0.004851108024970254,0.0005797720282079534,0.0042713359967623005,14.237786655874334,16.17036008323418,-11.695692638917869,13588,,85,0,,,0.000029772028207953438,dry-run,0,,2026-09-24T23:06:42.826Z,2026-09-24T23:06:56.414Z,,
8rBez9rwEqErKCVZv6hxDSYpP9GuFmWowzj4B42spump,CLOSED,0.015,3.251241142280443e-7,3.7413883486916925e-7,TAKE_PROFIT_1,0.002261354287308218,0.0004824327913595532,0.0017789214959486649,11.859476639657766,15.075695248721448,-1.1519462851511522,1736,,85,0,,,0.000007432791359553226,dry-run,1,"[""relaxed_h5_top10""]",2026-09-24T23:09:59.761Z,2026-09-24T23:10:01.497Z,,
6K6KdmLPurmCVM7NCyepFqdiBSNH6W1PfvCqzB3Dpump,CLOSED,0.03,3.257895353600773e-7,2.2541990673863498e-7,STOP_LOSS,-0.009242435780864719,0.0005712075562476182,-0.009813643337112337,-32.71214445704113,11.14062376795794,-30.80811926954906,6560,,85,0,,,0.000021207556247618152,dry-run,0,,2026-09-24T23:11:10.515Z,2026-09-24T23:11:17.075Z,,
DNTkcYcYHkCBPGUnyKv1iNhurQfmHBzGuex3NzTypump,CLOSED,0.03,4.023542903035065e-7,4.823625529745128e-7,TAKE_PROFIT_1,0.005965508354141364,0.0005772751236128526,0.005388233230528511,17.96077743509504,19.88502784713789,-8.806561700663144,44298,,80,0,laserstream,pumpswap,0.000027275123612852578,dry-run,0,,2026-09-24T23:19:30.580Z,2026-09-24T23:20:14.878Z,,
36FbaZEe2P1dA82QQw6psmLKvTRGfRzrbAEKMmeg7rdR,CLOSED,0.03,3.2578953531657805e-7,4.142200023881098e-7,TAKE_PROFIT_1,0.008143030160769432,0.0005822263236822014,0.00756080383708723,25.202679456957434,27.143433869231426,-10.599238713675602,2583,,85,0,,,0.000032226323682201355,dry-run,0,,2026-09-24T23:32:55.704Z,2026-09-24T23:32:58.287Z,,
GsqikEkGkEo9dMTKQBcSn4HdAQtn4hvtLxqdDW7xpump,CLOSED,0.015,3.257895377332044e-7,3.76470184711087e-7,TAKE_PROFIT_1,0.0023334380531605347,0.00048244912744637184,0.001850988925714163,12.339926171427754,15.556253687736893,0,6787,,80,0,,,0.000007449127446371821,dry-run,1,"[""relaxed_h5_top10""]",2026-09-24T23:34:33.784Z,2026-09-24T23:34:40.571Z,,
9BneT2FuDZQ6YL3yhnL4Aif1PEh5mudTGRkmL3wpump,CLOSED,0.03,3.239583071325344e-7,2.7344231584056863e-7,STOP_LOSS,-0.004678008575155863,0.0005738767054282458,-0.005251885280584109,-17.506284268613697,0,-15.593361917186213,16799,,85,0,,,0.000023876705428245826,dry-run,0,,2026-09-24T23:45:48.217Z,2026-09-24T23:46:05.016Z,,
2A6MxU3bJ6EziBH4g3wH1Q8N9JNGZNarx4W1TJegadot,CLOSED,0.03,4.220556994778114e-7,5.245057989329926e-7,TAKE_PROFIT_1,0.00728222125055562,0.0005773699882443992,0.006704851262311221,22.349504207704072,24.2740708351854,-3.0725342941417884,5586,,85,0,laserstream,pumpswap,0.000027369988244399134,dry-run,0,,2026-09-24T23:47:49.467Z,2026-09-24T23:47:55.053Z,,
5a1CvpaxMtXN3bnWERo5WUo34tdQKUGSrFWd5DW73Qsx,CLOSED,0.03,3.2578953880135333e-7,2.7638883236642354e-7,STOP_LOSS,-0.0045490140613494035,0.0005738783328933215,-0.005122892394242725,-17.076307980809084,0,-15.163380204498015,10320,,85,0,,,0.000023878332893321515,dry-run,0,,2026-09-24T23:54:35.770Z,2026-09-24T23:54:46.090Z,,
9eJ2PgVpYCDS7Pw1TV8ygC3vDSjw6qoVUic1eHUApump,CLOSED,0.015,3.2578953797003385e-7,4.272602357683518e-7,TAKE_PROFIT_1,0.004671913274006881,0.00048327563686109394,0.004188637637145787,27.924250914305247,31.1460884933792,-6.521013356743271,3223,,85,0,,,0.000008275636861093965,dry-run,1,"[""relaxed_h5_top10""]",2026-09-24T23:58:34.586Z,2026-09-24T23:58:37.809Z,,
8zoLaVjCS51Q61WdBPAehdAT7Km7vQqL5vL6wAu5pump,CLOSED,0.03,3.257895333397777e-7,3.789451177883816e-7,TAKE_PROFIT_1,0.00489477828557181,0.0005799455104749365,0.004314832775096873,14.38277591698958,16.315927618572697,-4.764898748070238,49001,,79,0,,,0.000029945510474936463,dry-run,0,,2026-09-24T23:59:34.361Z,2026-09-25T00:00:23.362Z,,
3znS89gifim2Hhhu8wjb2PfSgaCDdma187D5NMkDpump,CLOSED,0.03,3.257895334702755e-7,2.766905009613806e-7,STOP_LOSS,-0.00452123479713089,0.0005738946435793719,-0.005095129440710262,-16.98376480236754,0,-15.07078265710296,6028,,85,0,,,0.000023894643579371875,dry-run,0,,2026-09-25T00:04:12.041Z,2026-09-25T00:04:18.069Z,,
2mQ6PSd8ywUkAKp2kNhUpZNfjAkGxwX9tZ66CpX7FLEX,CLOSED,0.015,3.257895345674239e-7,3.328106230416836e-7,TRAILING_STOP,0.00032326491780570007,0.00048177828512303904,-0.00015851336731733897,-1.056755782115593,12.950581236743272,-9.241459478810063,97372,,85,0,,,0.000006778285123039038,dry-run,1,"[""relaxed_h5_top10""]",2026-09-25T00:08:55.287Z,2026-09-25T00:10:32.659Z,,
9PxibZ69bKh76EMXvQ6mESWiJvSx7NRmo4bngdxppump,CLOSED,0.03,3.8210764653214555e-7,6.071093456429941e-7,TAKE_PROFIT_1,0.017665312470415574,0.0005861352596544414,0.01707917721076113,56.93059070253711,58.88437490138525,0,1540,,69,0,laserstream,pumpswap,0.000036135259654441386,dry-run,0,,2026-09-25T00:11:26.674Z,2026-09-25T00:11:28.214Z,,
4tKvrN5mhanCowMKcNmiM2pYADVX9uN6JQW2HruCpump,CLOSED,0.015,3.257895323054616e-7,3.748933236379536e-7,TAKE_PROFIT_1,0.0022608365123799657,0.00048242335019784034,0.0017784131621821253,11.856087747880837,15.072243415866444,-10.49618472135434,283623,,85,0,,,0.000007423350197840356,dry-run,1,"[""relaxed_h5_top10""]",2026-09-25T00:10:37.833Z,2026-09-25T00:15:21.456Z,,
CmCXtKREDN3GKu7xRcTpYBNRRD15ukocfr6Soh54pump,CLOSED,0.03,3.771550950128177e-7,3.047050065938719e-7,STOP_LOSS,-0.00576288821577369,0.000571344985422183,-0.006334233201195872,-21.11411067065291,4.719001364450916,-19.2096273859123,14000,,85,0,laserstream,pumpswap,0.000021344985422182934,dry-run,0,,2026-09-25T00:18:12.366Z,2026-09-25T00:18:26.366Z,,
3K54D4aE9ewEEyo8ycJnuQFHqT3NnCq7PBtRpKhHCDME,CLOSED,0.03,3.257895333784437e-7,2.730758930207841e-7,STOP_LOSS,-0.004854082309921203,0.0005736972519083906,-0.005427779561829594,-18.092598539431982,0,-16.180274366404017,2466,,85,0,,,0.0000236972519083906,dry-run,0,,2026-09-25T00:20:44.478Z,2026-09-25T00:20:46.944Z,,
FFNt4JythQsievkxudufGCfiHpEP8cef7r5QMunhpump,CLOSED,0.03,3.8725216698416763e-7,4.0159905345789447e-7,TRAILING_STOP,0.0011114375358147498,0.0005749035210459514,0.0005365340147687985,1.7884467158959951,13.027312373125177,0,10293,,80,0,,,0.000024903521045951382,dry-run,0,,2026-09-25T00:31:20.230Z,2026-09-25T00:31:30.523Z,,
88drpsMZZmB8U66Lr2hTdNF71oUPVs59qwu3V5QPpump,CLOSED,0.03,3.2578953583856936e-7,2.7540642200268556e-7,STOP_LOSS,-0.004639478094917903,0.0005738245060436436,-0.0052133026009615465,-17.377675336538488,0.13147546785842631,-15.464926983059677,3664,,85,0,,,0.000023824506043643642,dry-run,0,,2026-09-25T00:32:57.258Z,2026-09-25T00:33:00.922Z,,
5iqjhP5ig6JWdXQf6hYAwojZeMf11pTCvH87gCQtpump,CLOSED,0.015,3.0254401934087224e-7,3.7789050726081885e-7,TAKE_PROFIT_1,0.003735645878115412,0.0004832721628894242,0.003252373715225988,21.68249143483992,24.904305854102756,0,3007,,85,0,,,0.000008272162889424208,dry-run,1,"[""relaxed_h5_top10""]",2026-09-25T00:38:27.826Z,2026-09-25T00:38:30.833Z,,
DP9N6J39qF8snVxWJas5unba1PZaG7GbXT66TvJppump,CLOSED,0.03,3.2578953449009185e-7,3.337198482059033e-7,TRAILING_STOP,0.0007302549231567768,0.0005771583750105617,0.00015309654814621508,0.5103218271540503,14.467471523554238,0,3185,,85,0,,,0.000027158375010561714,dry-run,0,,2026-09-25T00:42:49.794Z,2026-09-25T00:42:52.979Z,,
kEMXUMSgS9EUnXCbTVgGvcpsDjPHEp7NZVozDeCY1bH,CLOSED,0.03,3.206557224532342e-7,2.685084566489756e-7,STOP_LOSS,-0.004878808842577008,0.0005738944182691371,-0.005452703260846146,-18.17567753615382,0,-16.262696141923364,1115,,85,0,,,0.00002389441826913706,dry-run,0,,2026-09-25T00:53:23.739Z,2026-09-25T00:53:24.854Z,,
7vZ66L4fMSbkbK9M8rXhsfANNgJCPRZCkh9Kzsp9pump,CLOSED,0.03,3.2578963856935714e-7,3.9033365885661994e-7,TAKE_PROFIT_1,0.005943468973171968,0.0005806716982402877,0.005362797274931681,17.875990916438937,19.811563243906562,-8.794184284357106,31995,,84,0,,,0.0000306716982402877,dry-run,0,,2026-09-25T00:54:35.725Z,2026-09-25T00:55:07.720Z,,
AZwyq6nveByRZERpLwDAVeXvp8nDv4Yrgks9Ug4Tpump,CLOSED,0.03,3.297983456266115e-7,3.8551767070707774e-7,TAKE_PROFIT_1,0.005068490411126876,0.0005798620561010855,0.004488628355025791,14.962094516752636,16.89496803708958,0,1554,,80,0,,,0.000029862056101085433,dry-run,0,,2026-09-25T00:58:28.779Z,2026-09-25T00:58:30.333Z,,
38MZ6UH26KNgxo3dw5RnJ1hETh3ZtoAvNfoKZhd3pump,CLOSED,0.03,3.257895318608023e-7,2.7474692659426705e-7,STOP_LOSS,-0.00470020675388157,0.0005737885574329535,-0.005273995311314524,-17.57998437104841,0,-15.6673558462719,5084,,85,0,,,0.000023788557432953444,dry-run,0,,2026-09-25T00:59:51.312Z,2026-09-25T00:59:56.396Z,,
5f5MkPFdhmyADRdQKsFWNjuyHsMDkkkAYmWo2bR3pump,CLOSED,0.03,3.257895372208797e-7,3.8034262412645574e-7,TAKE_PROFIT_1,0.0050234658274421525,0.0005800359141326221,0.00444342991330953,14.8114330443651,16.74488609147383,0,886,,85,0,,,0.00003003591413262216,dry-run,0,,2026-09-25T01:08:50.836Z,2026-09-25T01:08:51.722Z,,
69q1Vo77XHXJobjcx7ixrR5uu8WKwzC4Ni2cEXSqiTm3,CLOSED,0.015,3.25789544262929e-7,2.3698265007815396e-7,STOP_LOSS,-0.004088846423188305,0.00048044917772149787,-0.004569295600909803,-30.46197067273202,0,-27.258976154588705,16902,,85,0,,,0.0000054491777214978625,dry-run,1,"[""relaxed_h5_top10""]",2026-09-25T01:15:18.542Z,2026-09-25T01:15:35.444Z,,
7cQqsmybe4gLU3W6JXUXqzjq9x1LoLiiQyRhdbyzFYRY,CLOSED,0.03,3.257895316384727e-7,3.834901374998066e-7,TAKE_PROFIT_1,0.0053133020178221125,0.0005802328829147983,0.004733069134907314,15.776897116357713,17.7110067260737,-5.5077313142997575,18420,,85,0,,,0.00003023288291479833,dry-run,0,,2026-09-25T01:29:17.915Z,2026-09-25T01:29:36.335Z,,
EjhQWjnR3AVDYoxvnfh5PJ8moghWiynyrMcjeM9Xpump,CLOSED,0.015,3.2578953229096186e-7,3.863085744386149e-7,TAKE_PROFIT_1,0.0027864174328475775,0.0004826054470255338,0.0023038119858220436,15.35874657214696,18.576116218983856,-1.6717802588361304,57297,,85,0,,,0.000007605447025533821,dry-run,1,"[""relaxed_h5_top10""]",2026-09-25T01:37:21.828Z,2026-09-25T01:38:19.125Z,,
8CxND4yakkAHhsaXxkTGJpdYPnwAFsvc4GZcoX9qpump,CLOSED,0.03,3.884532735520462e-7,3.22924138975442e-7,STOP_LOSS,-0.0050607735116299166,0.0005713705891640172,-0.0056321441007939335,-18.773813669313114,3.4347090982591624,-16.869245038766394,32673,,68,0,laserstream,pumpswap,0.00002137058916401719,dry-run,0,,2026-09-25T02:07:04.662Z,2026-09-25T02:07:37.335Z,,
2FHeJNKDR4yEnGGBefwYeguYSPKv7VdUFHbx18ANpump,CLOSED,0.015,3.257895311744805e-7,2.7527112136257393e-7,STOP_LOSS,-0.002325968377334882,0.00048095554499734535,-0.0028069239223322273,-18.71282614888152,0,-15.506455848899211,6953,,85,0,,,0.00000595554499734533,dry-run,1,"[""relaxed_h5_top10""]",2026-09-25T02:09:09.432Z,2026-09-25T02:09:16.385Z,,
6sEfSA57vXerqm3cFmwQxa78rmBgRBR6pyEPJG74pump,CLOSED,0.03,3.3423220382799773e-7,1.7405326648429134e-7,STOP_LOSS,-0.014377334276215122,0.0005683230670479057,-0.014945657343263028,-49.818857810876764,4.305488897451632,-47.924447587383746,1209,,85,0,,,0.000018323067047905667,dry-run,0,,2026-09-25T02:13:56.890Z,2026-09-25T02:13:58.099Z,,
FPCsmpwouXbLEDcXpBgHMfXZbuqoVEMJPYPvwwvzpump,CLOSED,0.015,3.257895386708555e-7,2.740940720630892e-7,STOP_LOSS,-0.0023801623658023957,0.0004809391456116303,-0.002861101511414026,-19.074010076093508,6.786844960363444,-15.867749105349302,30524,,61,0,,,0.000005939145611630261,dry-run,1,"[""relaxed_h5_top10""]",2026-09-25T02:13:47.584Z,2026-09-25T02:14:18.108Z,,
6WgVQG1yjXA7cjJQYt8VpJGX7aVjbyXz6Aaq1UPapump,CLOSED,0.03,3.2578958754954083e-7,4.0204880896082584e-7,TAKE_PROFIT_1,0.007022252182908275,0.0005814245556574846,0.00644082762725079,21.4694254241693,23.40750727636092,-6.340487478316382,133278,,84,0,,,0.00003142455565748459,dry-run,0,,2026-09-25T02:22:10.623Z,2026-09-25T02:24:23.901Z,,
GP4HKwiMo9PfQmn9ptrhH9eKG8ymvZa1MdvGMZtGpump,CLOSED,0.015,3.257895307443209e-7,3.095063794673149e-7,TRAILING_STOP,-0.0007497087723999767,0.0004814358153633807,-0.0012311445877633575,-8.20763058508905,14.959884945914158,-4.998058482666513,18957,,85,0,,,0.0000064358153633807026,dry-run,1,"[""relaxed_h5_top10""]",2026-09-25T02:29:14.809Z,2026-09-25T02:29:33.766Z,,
38zUFnGZQUQ4L5kGRh1d9b5cpGcozXMG5KRomDMEpump,CLOSED,0.03,3.877552610532243e-7,3.8047502239903e-7,TRAILING_STOP,-0.0005632603385769408,0.0005738876388798204,-0.0011371479774567612,-3.7904932581892044,13.341584131645046,-13.955358959232642,40224,,85,0,laserstream,pumpswap,0.000023887638879820368,dry-run,0,,2026-09-25T02:37:13.839Z,2026-09-25T02:37:54.063Z,,
CywtRzh2uK8rE8fgq7WaFuuTdYMxGQnkZk7W63kUR3c,CLOSED,0.015,3.26389206736226e-7,4.572421038274601e-7,TAKE_PROFIT_1,0.0060136592015273315,0.0004837617602328168,0.005529897441294515,36.86598294196343,40.09106134351555,-7.854988844529285,1579,,85,0,,,0.000008761760232816764,dry-run,1,"[""relaxed_h5_top10""]",2026-09-25T02:39:20.524Z,2026-09-25T02:39:22.103Z,,
7HSBxkC7WwTeW2rn2FUevPNQnPt5jCzk8BcNCDZPz5m5,CLOSED,0.015,3.234058075808985e-7,3.995810622689739e-7,TAKE_PROFIT_1,0.0035331116310745514,0.0004828985464044486,0.003050213084670103,20.334753897800688,23.554077540497005,-9.77745251611044,9545,,85,0,laserstream,pumpswap,0.000007898546404448581,dry-run,1,"[""relaxed_h5_top10""]",2026-09-25T02:51:19.582Z,2026-09-25T02:51:29.127Z,,
FYRSg1kVR3N93mJsPRAUtZtqc4Q3bnB6gx1waZSApump,CLOSED,0.03,3.1648144572711636e-7,3.648269702965673e-7,TAKE_PROFIT_1,0.004582782835029435,0.000580215894465757,0.004002566940563678,13.341889801878928,15.275942783431443,-0.8183633131824344,2129,,85,0,,,0.00003021589446575702,dry-run,0,,2026-09-25T02:51:39.009Z,2026-09-25T02:51:41.138Z,,
n67UEDwpKUxT1kDobCKt9awUvn5k2FDx3j7HbVKpump,CLOSED,0.03,0.0000028628758589347377,0.0000018494265458536399,STOP_LOSS,-0.010619908403484153,0.0005563524847651469,-0.0111762608882493,-37.25420296083101,6.875859914587193,-35.39969467828051,48269,,80,0,laserstream,pumpswap,0.000006352484765146957,dry-run,0,,2026-09-25T02:54:07.560Z,2026-09-25T02:54:55.829Z,,
EawtfPqFUBwUZKDj4G78adef72N5GgjM3PfbsgJNnLKK,CLOSED,0.03,3.2578953220879654e-7,2.570394670904928e-7,STOP_LOSS,-0.006330780303362436,0.0005728358597521724,-0.006903616163114608,-23.012053877048693,0,-21.102601011208126,569,,85,0,,,0.000022835859752172356,dry-run,0,,2026-09-25T03:12:03.130Z,2026-09-25T03:12:03.699Z,,
JAhnxZD3FNmQf1W3WCrQ7z792Au3XeTNKpPxmirspump,CLOSED,0.03,3.257895376172064e-7,3.7563820142698447e-7,TAKE_PROFIT_1,0.004590263779589099,0.0005797367818985871,0.004010526997690512,13.36842332563504,15.300879265296988,-3.6757671740419764,89554,,65,0,,,0.000029736781898587083,dry-run,0,,2026-09-25T03:13:12.557Z,2026-09-25T03:14:42.111Z,,
AXpERbBdffajw45ru6RQjYFa1F6V1Wst7QrjvyzoSWRM,CLOSED,0.015,3.2638903664120235e-7,3.0703507421657584e-7,TRAILING_STOP,-0.0008894582960166436,0.00048138528433698145,-0.001370843580353625,-9.138957202357501,14.24200644956533,-14.82632434218074,12684,,76,0,,,0.000006385284336981466,dry-run,1,"[""relaxed_h5_top10""]",2026-09-25T03:23:32.805Z,2026-09-25T03:23:45.489Z,,
Dv9yLYwW2EYC9e112Q5dpY6JMipkoPXx5xsW1E3Mpump,CLOSED,0.015,3.289645000675706e-7,2.7512840038510636e-7,STOP_LOSS,-0.002454798299120699,0.0004808853730002472,-0.0029356836721209463,-19.57122448080631,0,-16.365321994137997,2161,,85,0,,,0.0000058853730002471785,dry-run,1,"[""relaxed_h5_top10""]",2026-09-25T03:34:24.473Z,2026-09-25T03:34:26.634Z,,
9a6BEKKxBDigghehcyMg5v4wM9MA3Mjmtyardzqjpump,CLOSED,0.015,3.257895324649589e-7,3.2088213511219816e-7,TRAILING_STOP,-0.00022594636400519785,0.0004816018528905853,-0.0007075482168957831,-4.716988112638554,13.134550445626397,-1.5063090933679883,10578,,85,0,,,0.000006601852890585329,dry-run,1,"[""relaxed_h5_top10""]",2026-09-25T03:43:05.209Z,2026-09-25T03:43:15.787Z,,
GavQxkBXLg9Qwvxgni8SLJAnxLL592j55jVS2fnFpump,CLOSED,0.03,3.25789534760754e-7,3.7566197319991844e-7,TAKE_PROFIT_1,0.0045924530825511576,0.0005797347718083456,0.004012718310742812,13.37572770247604,15.308176941837193,-9.167746679895052,23461,,85,0,,,0.000029734771808345577,dry-run,0,,2026-09-25T03:45:24.382Z,2026-09-25T03:45:47.843Z,,
FHPGNGNWPJsARRQ99V1qeokG128wWe7Mh4NM984ZGSoP,CLOSED,0.03,3.25789534301595e-7,2.6844532454289e-7,STOP_LOSS,-0.005280483599478004,0.0005734455395508018,-0.005853929139028806,-19.513097130096018,3.5070463801183354,-17.601611998260015,13198,,85,0,,,0.000023445539550801847,dry-run,0,,2026-09-25T03:50:07.791Z,2026-09-25T03:50:20.989Z,,
DqVnhbBBMViH7bQ2Vh8CSHm76ZzNyYXjFcd4afLhpump,CLOSED,0.015,3.257895346350894e-7,2.490629984751103e-7,STOP_LOSS,-0.003532642764872066,0.00048060485937886287,-0.004013247624250929,-26.754984161672862,5.391064216656872,-23.550951765813778,10374,,85,0,,,0.000005604859378862857,dry-run,1,"[""relaxed_h5_top10""]",2026-09-25T03:53:06.856Z,2026-09-25T03:53:17.230Z,,
2RVDnBV28GmFAHg3sDAX11MF6zjBxwF7iGSSuaDLpump,CLOSED,0.015,3.3423220468819547e-7,2.3686197400744148e-7,STOP_LOSS,-0.004369876510176083,0.00048029514768064267,-0.004850171657856725,-32.334477719044834,0,-29.132510067840556,871,,85,0,,,0.000005295147680642652,dry-run,1,"[""relaxed_h5_top10""]",2026-09-25T04:04:10.749Z,2026-09-25T04:04:11.620Z,,
CUh9nnRSojHHdLWzVQQ2rZBmnq66zLg8TfcuQUyy6BLr,CLOSED,0.015,3.2578954037699375e-7,3.772553014872584e-7,TAKE_PROFIT_1,0.0023695862542445355,0.0004824614119976323,0.0018871248422469033,12.580832281646023,15.79724169496357,-10.594364819439573,1574,,85,0,,,0.000007461411997632323,dry-run,1,"[""relaxed_h5_top10""]",2026-09-25T04:19:24.872Z,2026-09-25T04:19:26.446Z,,
EL6Urf21PoPesMrbYSRc1yqqHjhk6DGUR63VZDmmpump,CLOSED,0.03,0.000046480110974321606,0.000048137312456198125,EMERGENCY_EXIT,0.001069619745180077,0.0005520625639644776,0.0005175571812155995,1.7251906040519984,3.565399150600258,0,245179,,65,0,laserstream,pumpswap,0.0000020625639644775594,dry-run,0,,2026-09-25T04:28:28.501Z,2026-09-25T04:32:33.680Z,,
9VREH2LV68i7ktj96ZmkbUF29rc22Z7iVNdHGwEXpump,CLOSED,0.015,3.2578953434992753e-7,2.541952441216452e-7,STOP_LOSS,-0.0032963439281961508,0.0004806725946224588,-0.00377701652281861,-25.18011015212407,0,-21.97562618797434,1793,,76,0,,,0.00000567259462245883,dry-run,1,"[""relaxed_h5_top10""]",2026-09-25T04:43:43.686Z,2026-09-25T04:43:45.479Z,,
8JpqPbg1T29ww3Whnz9HX32PfBPzzEak8QP8cveEpump,CLOSED,0.03,3.2578953826486225e-7,3.753295090272975e-7,TAKE_PROFIT_1,0.004561838083532317,0.0005797157601891633,0.003982122323343154,13.273741077810513,15.206126945107728,-12.402477449370929,52416,,82,0,,,0.000029715760189163255,dry-run,0,,2026-09-25T04:47:00.222Z,2026-09-25T04:47:52.638Z,,
8bGPqLvrvFtxwzWHDwJpqPzaHefE4VwBAtMQNKsZpump,CLOSED,0.015,3.275902878877452e-7,2.7347945018277335e-7,STOP_LOSS,-0.0024776759128240958,0.00048089227266536047,-0.0029585681854894562,-19.723787903263045,3.068107924670814,-16.517839418827307,10370,,85,0,,,0.000005892272665360492,dry-run,1,"[""relaxed_h5_top10""]",2026-09-25T04:52:40.134Z,2026-09-25T04:52:50.504Z,,
5piXiXotoMHrE6XEENN6Hpjmx4drwpMvftwTMzdkpump,CLOSED,0.03,3.257895328371194e-7,2.6880203174373107e-7,STOP_LOSS,-0.005247636466136523,0.000573465486324706,-0.005821101952461228,-19.40367317487076,0,-17.492121553788404,1338,,85,0,,,0.000023465486324705983,dry-run,0,,2026-09-25T04:53:55.944Z,2026-09-25T04:53:57.282Z,,
571aBZbC7C227a79bAAA1YTHKrDYHZkcBpHPgvUcpump,CLOSED,0.03,3.6454055135790064e-7,3.0100171221456877e-7,STOP_LOSS,-0.005228952354407645,0.0005720436054437075,-0.005800995959851353,-19.33665319950451,5.13899571433677,-17.42984118135882,26586,,85,0,laserstream,pumpswap,0.00002204360544370743,dry-run,0,,2026-09-25T04:55:14.243Z,2026-09-25T04:55:40.829Z,,
6Qj5jR8iLFr74FsMPsYDPjJLBa4HEyWruMNxY2dGpump,CLOSED,0.015,3.2133536908248584e-7,3.823706906567373e-7,TAKE_PROFIT_1,0.0028491411518996477,0.0004826853390285599,0.0023664558128710877,15.776372085807253,18.994274345997653,-6.163064948646942,2322,,85,0,,,0.000007685339028559887,dry-run,1,"[""relaxed_h5_top10""]",2026-09-25T05:05:56.614Z,2026-09-25T05:05:58.936Z,,
EMP4NwMhLxXt2fdbNCax7qCMBSQ3WrwSc8PqahSHpump,CLOSED,0.03,3.085512203063928e-7,2.583924678903225e-7,STOP_LOSS,-0.004876864758427702,0.0005744167831065119,-0.005451281541534214,-18.170938471780712,0,-16.256215861425673,1199,,85,0,,,0.000024416783106511947,dry-run,0,,2026-09-25T05:15:51.632Z,2026-09-25T05:15:52.831Z,,
6sEf597zqUxoJeW1znjtx8MUPsXFFF7zjjH2KSG8zF9y,CLOSED,0.03,3.257895352344128e-7,2.6139554525120015e-7,STOP_LOSS,-0.00592965546946249,0.0005730672056650643,-0.006502722675127554,-21.67574225042518,0.22523808525160555,-19.76551823154164,7472,,85,0,,,0.000023067205665064258,dry-run,0,,2026-09-25T05:16:31.400Z,2026-09-25T05:16:38.872Z,,
3q5yxysaLLQ5c1pNdn26tGXqPQN3vHKW9Ngc51gtpump,CLOSED,0.015,3.257895348042533e-7,2.486276713368589e-7,STOP_LOSS,-0.0035526861005720843,0.000480599116850865,-0.00403328521742295,-26.888568116153,4.61713525504668,-23.68457400381389,6126,,85,0,,,0.000005599116850864961,dry-run,1,"[""relaxed_h5_top10""]",2026-09-25T05:19:41.253Z,2026-09-25T05:19:47.379Z,,
26bJc6U5NJyjsUt1CojLQ2EVcLQo1tRDDA7EtPbZpump,CLOSED,0.015,3.2008709203830864e-7,3.734841369244454e-7,TAKE_PROFIT_1,0.0025023054450324144,0.00048257983382265894,0.0020197256112097555,13.464837408065037,16.6820363002161,-13.556200252614167,33563,,85,0,,,0.000007579833822658937,dry-run,1,"[""relaxed_h5_top10""]",2026-09-25T05:25:36.511Z,2026-09-25T05:26:10.074Z,,
DnjVy5QzRyVXMQk1FiDPAKXmRxvrRBjGpw9aPWBVpump,CLOSED,0.03,3.2578953615273075e-7,4.0323293864248625e-7,TAKE_PROFIT_1,0.007131297407917661,0.0005815058811688635,0.006549791526748797,21.83263842249599,23.770991359725528,-10.15856146796839,3199,,85,0,,,0.000031505881168863507,dry-run,0,,2026-09-25T05:38:31.541Z,2026-09-25T05:38:34.740Z,,
8zF5yJdHFQA1xtfghdXkzpix8mQkjBFjXXeyUq33pump,CLOSED,0.03,3.2578953678588693e-7,2.765748855627497e-7,STOP_LOSS,-0.0045318813834848565,0.0005738883312067926,-0.005105769714691649,-17.0192323823055,1.9008519943492037,-15.10627127828286,10231,,85,0,,,0.000023888331206792616,dry-run,0,,2026-09-25T05:53:21.238Z,2026-09-25T05:53:31.469Z,,
6uv5Qm6pkgVMwELQaX4ZwrwGSQTLt1ohx9115njZpump,CLOSED,0.03,3.249379091217925e-7,4.0322950698682276e-7,TAKE_PROFIT_1,0.007228297684006315,0.0005816162921893486,0.006646681391816967,22.15560463938989,24.094325613354385,-14.191978208673916,46171,,85,0,,,0.00003161629218934861,dry-run,0,,2026-09-25T06:07:37.362Z,2026-09-25T06:08:23.533Z,,
7qCezatXvTTym98qx3QXJYiGDs1XFQAe9LVyx5dMpump,CLOSED,0.03,3.3228618192588985e-7,1.3615580582849367e-7,EMERGENCY_EXIT,-0.017707360711840193,0.0005668890413404241,-0.018274249753180618,-60.9141658439354,10.138063372069618,-59.02453570613398,11979,,65,0,,,0.00001688904134042412,dry-run,0,,2026-09-25T06:08:37.819Z,2026-09-25T06:08:49.798Z,,
tjvVbqnFaU1RjPtcMnbe6fFX98UsX668tKb7Jskpump,CLOSED,0.03,3.2578953494925083e-7,3.801430276059921e-7,TAKE_PROFIT_1,0.0050050864278259905,0.000580020368876457,0.004425066058949534,14.750220196498445,16.683621426086646,-0.2248901192960944,7335,,85,0,,,0.000030020368876456992,dry-run,0,,2026-09-25T06:12:45.617Z,2026-09-25T06:12:52.952Z,,
9aeLpX3p4xxbZZVs5RPHXbYM3LYGAzc7wTDPvu9Ti3Ha,CLOSED,0.03,3.2008263697272334e-7,3.283301757799005e-7,TRAILING_STOP,0.0007730071413914263,0.0005774581624659936,0.00019554897892543272,0.6518299297514425,14.486808985080085,-4.980835760289539,6573,,85,0,,,0.000027458162465993502,dry-run,0,,2026-09-25T06:14:33.177Z,2026-09-25T06:14:39.750Z,,
5DqSbDmD9YTN28kTG318WpDxVkHYJMVZyKsMhL69n6Vm,CLOSED,0.015,3.29309254719653e-7,2.6566169984909376e-7,STOP_LOSS,-0.0028991390596391025,0.0004807524538012277,-0.00337989151344033,-22.5326100896022,0,-19.327593730927347,542,,85,0,,,0.000005752453801227689,dry-run,1,"[""relaxed_h5_top10""]",2026-09-25T06:38:57.050Z,2026-09-25T06:38:57.592Z,,
m6WQWiQB8hH2kXBPYSVh8QLtR2eGxqjSDEqsm2Lpump,CLOSED,0.03,3.401169755718359e-7,3.3911500477454256e-7,TRAILING_STOP,-0.0000883787816478776,0.0005759996464803497,-0.0006643784281282273,-2.2145947604274245,13.538142046932155,-7.632731312862005,39280,,67,0,laserstream,pumpswap,0.000025999646480349687,dry-run,0,,2026-09-25T06:54:36.853Z,2026-09-25T06:55:16.133Z,,
3HBE3vzPdwdTCpgN4sed9VPcepGLMUugahWSpbGhpump,CLOSED,0.03,3.4683597707810117e-7,2.933738730895802e-7,STOP_LOSS,-0.004624269757616488,0.000573013145936654,-0.005197282903553142,-17.324276345177143,0,-15.414232525388297,5187,,85,0,,,0.000023013145936653907,dry-run,0,,2026-09-25T06:56:16.485Z,2026-09-25T06:56:21.672Z,,
GtfphC17t2jpMGjPcsTeYbcZiuGhowVgB2SRAg9KMtiB,CLOSED,0.03,3.224630563060864e-7,2.719175881760479e-7,STOP_LOSS,-0.004702442696138812,0.000573920287473549,-0.0052763629836123606,-17.587876612041203,10.13703614107607,-15.674808987129369,30434,,85,0,,,0.00002392028747354891,dry-run,0,,2026-09-25T07:10:26.577Z,2026-09-25T07:10:57.011Z,,
wY6BuWeq3Lx6FhGjzi4Y4oZVWmNH54eZ47CEgPNpump,CLOSED,0.03,3.3497971358835985e-7,4.105100916594463e-7,TAKE_PROFIT_1,0.006764324077597905,0.0005807688779903133,0.006183555199607592,20.61185066535864,22.547746925326354,-10.962064176684212,25217,,85,0,laserstream,pumpswap,0.00003076887799031332,dry-run,0,,2026-09-25T07:13:18.559Z,2026-09-25T07:13:43.776Z,,
Bqy9DSJGRbun7s8dr7mkN8fm3hPa44p64hhy3MQWpump,CLOSED,0.03,3.25789541778637e-7,4.1466790721023614e-7,TAKE_PROFIT_1,0.008184274266114011,0.0005822574436940632,0.007602016822419948,25.34005607473316,27.280914220380044,-13.119551715746084,68812,,85,0,,,0.000032257443694063186,dry-run,0,,2026-09-25T07:27:12.345Z,2026-09-25T07:28:21.157Z,,
G4i1oQ9QHpZt8jVwomeroySgUpk8gHv7SuyjJBr2QNQj,CLOSED,0.03,3.163075584059037e-7,3.290030340015181e-7,TRAILING_STOP,0.0012040947418009052,0.0005779167256249737,0.0006261780161759315,2.0872600539197714,13.786784116162703,-10.302564356092946,74067,,85,0,laserstream,pumpswap,0.00002791672562497368,dry-run,0,,2026-09-25T07:52:30.462Z,2026-09-25T07:53:44.529Z,,
Cv8y4X71A5c5yWVTQb8nAUPv5wKjiaoFhnx1UdBXR2gM,CLOSED,0.015,3.2578953407926535e-7,2.743578287180573e-7,STOP_LOSS,-0.002368018305432792,0.0004809430228471845,-0.0028489613282799762,-18.99307552186651,6.84052589140739,-15.786788702885286,2851,,85,0,,,0.000005943022847184492,dry-run,1,"[""relaxed_h5_top10""]",2026-09-25T08:00:03.380Z,2026-09-25T08:00:06.231Z,,
HP1B64CZPp1iTPsnXCFJxPfFK8JyH7Zh1K3RbigSJyo8,CLOSED,0.015,3.258751416511738e-7,2.571575332519135e-7,STOP_LOSS,-0.0031630646043332277,0.00048070997788061503,-0.003643774582213843,-24.291830548092285,0,-21.08709736222152,9242,,85,0,,,0.000005709977880615024,dry-run,1,"[""relaxed_h5_top10""]",2026-09-25T08:02:34.290Z,2026-09-25T08:02:43.532Z,,
5mXiJ166yyCZvaBABnP3gLksmecGtWk2gW9S7StUpump,CLOSED,0.03,3.3212856079616816e-7,2.803119770102593e-7,STOP_LOSS,-0.004680409025501673,0.0005735450627804716,-0.0052539540882821445,-17.513180294273816,0.1563409840835512,-15.601363418338904,4420,,85,0,,,0.000023545062780471647,dry-run,0,,2026-09-25T08:18:30.308Z,2026-09-25T08:18:34.728Z,,
4t4Paq8G6HhatDsvD8cmy6sUSzD8HmXA43D7D2w1G32A,CLOSED,0.03,3.1941330865479105e-7,2.6153404557652577e-7,STOP_LOSS,-0.005436147603431781,0.0005736146934033505,-0.006009762296835131,-20.032540989450435,4.221321998285461,-18.12049201143927,7558,,85,0,,,0.000023614693403350527,dry-run,0,,2026-09-25T08:26:21.179Z,2026-09-25T08:26:28.737Z,,
6Cw4kWUaZHmh71E3YRiHFRvLA28EiYp4Px2GkUrXfvWM,CLOSED,0.03,3.292225989202455e-7,3.350482595316995e-7,TRAILING_STOP,0.0005308560801014694,0.0005768686011850196,-0.00004601252108355023,-0.15337507027850078,12.19201539927764,-1.7038205693802946,6699,,85,0,,,0.00002686860118501962,dry-run,0,,2026-09-25T08:33:41.645Z,2026-09-25T08:33:48.344Z,,
E5J8mxEGe8Xt15bo8giZ1uQVabf9sD79V1Wnajfperp,CLOSED,0.03,3.257895394345094e-7,3.242016706385294e-7,TRAILING_STOP,-0.0001462172909605519,0.0005765969369203451,-0.000722814227880897,-2.40938075960299,13.360513569366717,-3.4638097045861835,7686,,75,0,,,0.000026596936920345087,dry-run,0,,2026-09-25T08:34:21.675Z,2026-09-25T08:34:29.361Z,,
5g9PWcRUHpmqm5uKycpShKXJB18sGLeCEzgB3qrRpump,CLOSED,0.03,3.6783707093156874e-7,3.0243325991539783e-7,STOP_LOSS,-0.005334194091737297,0.0005718758829192894,-0.005906069974656586,-19.686899915521956,1.2277473982605769,-17.78064697245766,7007,,76,0,,,0.000021875882919289366,dry-run,0,,2026-09-25T08:47:17.918Z,2026-09-25T08:47:24.925Z,,
Hw6h6D6axYiWvD75wFQ7tSCGoncqUQtrA1jHqAubpump,CLOSED,0.015,3.4891905790569935e-7,2.9254013307966843e-7,STOP_LOSS,-0.0024237250824488436,0.0004807032612514815,-0.0029044283437003253,-19.362855624668835,0,-16.15816721632562,4136,,70,0,laserstream,pumpswap,0.000005703261251481538,dry-run,1,"[""relaxed_h5_top10""]",2026-09-25T08:52:24.470Z,2026-09-25T08:52:28.606Z,,
CsypoDbUc2a2DxjFsSgzX8nrRfndJCRbfUE6t7Kj9SHn,CLOSED,0.015,3.2578953142097633e-7,3.9342584570638134e-7,TAKE_PROFIT_1,0.003114110848976631,0.0004827194697773863,0.0026313913791992448,17.542609194661633,20.760738993177537,-7.760371972896675,26896,,85,0,,,0.000007719469777386319,dry-run,1,"[""relaxed_h5_top10""]",2026-09-25T09:18:46.611Z,2026-09-25T09:19:13.507Z,,
gBKgRzx2JZ3gSanVAN7aWDKNDbSTxSx4WTWNvywpump,CLOSED,0.03,3.2887849676400706e-7,2.75992930278113e-7,STOP_LOSS,-0.00482417369997678,0.0005735902125215674,-0.005397763912498348,-17.992546374994493,0,-16.0805789999226,1190,,85,0,,,0.000023590212521567425,dry-run,0,,2026-09-25T09:29:54.053Z,2026-09-25T09:29:55.243Z,,
GWLtGYz4yqn6VF2osbXJvQaUAzUAAwRyA2N2xx2kpump,CLOSED,0.015,3.4380704889174717e-7,4.869698502501844e-7,TAKE_PROFIT_1,0.006246067459346107,0.00048359981044885264,0.005762467648897255,38.416450992648365,41.64044972897404,-0.41274180898148904,1889,,85,0,,,0.000008599810448852665,dry-run,1,"[""relaxed_h5_top10""]",2026-09-25T09:55:29.408Z,2026-09-25T09:55:31.297Z,,
Duqek6shAfKf6eKhmPmSNjndhoFiQJNmZErRHUyepump,CLOSED,0.03,3.498826246080132e-7,3.6121716393050797e-7,TRAILING_STOP,0.0009718578624925955,0.0005762536258715075,0.000395604236621088,1.31868078873696,13.101786259046587,0,11669,,65,0,laserstream,pumpswap,0.000026253625871507423,dry-run,0,,2026-09-25T10:03:55.101Z,2026-09-25T10:04:06.770Z,,
2Su1mp2yxnWqUagnGAbMkF76as8wi6NZs41pPXScpump,CLOSED,0.03,3.2578953869985496e-7,3.8065691658820636e-7,TAKE_PROFIT_1,0.0050524069717505496,0.0005800476962114598,0.00447235927553909,14.907864251796967,16.841356572501827,-6.941904382982803,36678,,84,0,,,0.000030047696211459742,dry-run,0,,2026-09-25T10:20:03.637Z,2026-09-25T10:20:40.315Z,,
AkTAtjusyDakvaJxUG65Pc98kddUsDTiuX7DMQJxpump,CLOSED,0.03,3.2578953341227646e-7,2.751724611140512e-7,STOP_LOSS,-0.004661021958078462,0.0005738118732796474,-0.005234833831358109,-17.44944610452703,0,-15.53673986026154,807,,85,0,,,0.00002381187327964742,dry-run,0,,2026-09-25T10:23:21.518Z,2026-09-25T10:23:22.325Z,,
64S9QFTFhrcLWsXWjTBkaWPS4asdcrQGwvVQWxUjpump,CLOSED,0.015,3.2578953839536007e-7,2.597945598913949e-7,STOP_LOSS,-0.0030385404099690875,0.00048074676827577123,-0.003519287178244859,-23.461914521632394,0,-20.256936066460586,1282,,85,0,,,0.000005746768275771242,dry-run,1,"[""relaxed_h5_top10""]",2026-09-25T10:34:00.285Z,2026-09-25T10:34:01.567Z,,
J141JCiXKGcrhDCgWUTCL9qz7h943iCibNiLNfqZpump,CLOSED,0.03,3.257895351377477e-7,3.315907345844871e-7,TRAILING_STOP,0.0005341975865756287,0.0005770321254310581,-0.00004283453885542941,-0.14278179618476472,14.519780387849773,-5.316517338613701,6910,,85,0,,,0.000027032125431058096,dry-run,0,,2026-09-25T10:45:23.334Z,2026-09-25T10:45:30.244Z,,
Fn9RhHqCxrG9hP67LPX8dyBb12Vy1MYL8Y7eYa4Cpump,CLOSED,0.015,3.2578953140164333e-7,3.76176024717361e-7,TAKE_PROFIT_1,0.00231989467704533,0.00048244448039163235,0.0018374501966536975,12.249667977691317,15.465964513635535,0,1309,,85,0,,,0.0000074444803916323475,dry-run,1,"[""relaxed_h5_top10""]",2026-09-25T11:06:58.050Z,2026-09-25T11:06:59.359Z,,
EBKS6HFuZ9T7LKL7SK5L7LXDTYH8UZyxK27xmyc5pump,CLOSED,0.015,2.9884914980282316e-7,3.4478079867401025e-7,TAKE_PROFIT_1,0.00230542644515597,0.000482805629656345,0.001822620815499625,12.150805436664166,15.369509634373127,-6.59152352986065,4513,,85,0,laserstream,pumpswap,0.000007805629656345019,dry-run,1,"[""relaxed_h5_top10""]",2026-09-25T11:39:25.110Z,2026-09-25T11:39:29.623Z,,
9JtsorjnocdHJcxovUBVZPaGmDW91KhiNewoKTaUpump,CLOSED,0.03,3.257895376897052e-7,3.107435686292416e-7,TRAILING_STOP,-0.0013854928399935895,0.0005758071111722547,-0.001961299951165844,-6.537666503886147,13.436697539826897,-4.618309466645297,14090,,61,0,,,0.000025807111172254683,dry-run,0,,2026-09-25T11:40:48.074Z,2026-09-25T11:41:02.164Z,,
4FyiNCQt8MqXCYhAe2HQJWzGCU6B5k7xThmDb7rwxkTG,CLOSED,0.03,3.5508991856149015e-7,3.0102935250248845e-7,STOP_LOSS,-0.0045673416703583625,0.0005727334281484044,-0.005140075098506767,-17.133583661689226,11.371543638178865,-15.224472234527871,61865,,85,0,,,0.000022733428148404395,dry-run,0,,2026-09-25T11:59:52.354Z,2026-09-25T12:00:54.219Z,,
Fvto3QgSLbcWdq331BoR66RDkT7dZYgTS9JzbntMf7rD,CLOSED,0.015,3.2070317550512295e-7,3.81039001373415e-7,TAKE_PROFIT_1,0.002822040619332513,0.0004826838350490843,0.0023393567842834285,15.595711895222857,18.813604128883423,-8.899555393580421,52956,,71,0,laserstream,pumpswap,0.0000076838350490843,dry-run,1,"[""relaxed_h5_top10""]",2026-09-25T12:20:16.904Z,2026-09-25T12:21:09.860Z,,
BJz7oG6kTAGKq1UUU8Tootxk1VB5zag4dDgQRhWLqJVY,CLOSED,0.03,3.2922259573038266e-7,2.7273541663294446e-7,STOP_LOSS,-0.005147324013905029,0.0005733868397125889,-0.005720710853617618,-19.069036178725394,0,-17.157746713016767,966,,85,0,,,0.000023386839712588928,dry-run,0,,2026-09-25T12:32:14.694Z,2026-09-25T12:32:15.660Z,,
3C4izUmGYWv8fqDxz35T3oVHbAxwdsfsv92cbXCJpump,CLOSED,0.03,3.3353889232043607e-7,3.86072231791638e-7,TAKE_PROFIT_1,0.004725086700299919,0.000579442144816633,0.004145644555483286,13.818815184944286,15.750289000999718,0,34257,,85,0,,,0.00002944214481663299,dry-run,0,,2026-09-25T12:59:29.393Z,2026-09-25T13:00:03.650Z,,
45La5kB3J5gT64hwAKoP9qjYx4N3ihouWSfbBfdTBSm8,CLOSED,0.03,3.299141823135703e-7,3.9131073289825995e-7,TAKE_PROFIT_1,0.005582956466509339,0.0005802092812103657,0.005002747185298973,16.67582395099658,18.609854888364467,0,3754,,85,0,,,0.000030209281210365657,dry-run,0,,2026-09-25T13:00:27.541Z,2026-09-25T13:00:31.295Z,,
EtynTCfCambRrUZodfCjF6Xifp9acESEv69W1vwVpump,CLOSED,0.03,3.3402002568862853e-7,2.780423612837289e-7,STOP_LOSS,-0.005027632486060731,0.0005732625624143359,-0.0056008950484750675,-18.669650161583558,8.502843033180895,-16.758774953535777,14139,,85,0,,,0.000023262562414335777,dry-run,0,,2026-09-25T13:16:24.596Z,2026-09-25T13:16:38.735Z,,
ubfPpHwsXUtxNnm1VoksjhPy9ZfdnX7WEWhPZpfu7NS,CLOSED,0.03,3.2578953168680523e-7,3.7553597795976695e-7,TAKE_PROFIT_1,0.0045808512645014975,0.0005797265363453647,0.004001124728156133,13.337082427187108,15.269504215004984,-13.26947646716814,11263,,85,0,,,0.000029726536345364663,dry-run,0,,2026-09-25T13:19:02.637Z,2026-09-25T13:19:13.900Z,,
k1jnShqQ15xBupKaQGKz6CHkcWc8zCi3g9ReBeWpump,CLOSED,0.03,3.3437085413195584e-7,3.347817772226859e-7,TRAILING_STOP,0.00003686832320928479,0.0005763297172832268,-0.0005394613940739421,-1.79820464691314,13.621992077155431,-2.279464048277603,4339,,85,0,,,0.000026329717283226824,dry-run,0,,2026-09-25T13:24:26.094Z,2026-09-25T13:24:30.433Z,,
BYXvbpgEP4rk98kiZ4t3WJrmwCnbT6e8bGrjyiBzFMA2,CLOSED,0.03,3.307851686090273e-7,2.7545115955910693e-7,STOP_LOSS,-0.005018424128500384,0.0005734002775965514,-0.005591824406096935,-18.639414686989785,0.00018251036032865592,-16.728080428334614,658,,85,0,,,0.000023400277596551404,dry-run,0,,2026-09-25T13:47:40.991Z,2026-09-25T13:47:41.649Z,,
s8pc6Thv8U4g9yPwmkGj5TTGLuHGvDRr6wPcF91pump,CLOSED,0.015,3.257895317303045e-7,3.796490915053202e-7,TAKE_PROFIT_1,0.0024798015833548226,0.00048249930711198423,0.0019973022762428383,13.31534850828559,16.532010555698818,-3.903670951308679,8771,,85,0,,,0.000007499307111984225,dry-run,1,"[""relaxed_h5_top10""]",2026-09-25T13:50:28.180Z,2026-09-25T13:50:36.951Z,,
2pawBaYZZkirQMSFRUDR5xkovFJVUfuM31Jort35pump,CLOSED,0.03,2.8417980186898324e-7,2.905621994107065e-7,TRAILING_STOP,0.0006737703559240703,0.000579279614418086,0.00009449074150598435,0.31496913835328116,12.531111309779211,0,22008,,85,0,laserstream,pumpswap,0.00002927961441808597,dry-run,0,,2026-09-25T13:57:48.143Z,2026-09-25T13:58:10.151Z,,
6zzyjSf81DbauXr67viLJo2QVqYqqqNSTWY8ZvFPQwpf,CLOSED,0.015,3.2578953167713873e-7,2.6435832340252866e-7,STOP_LOSS,-0.002828415386386131,0.0004808077613283987,-0.0033092231477145294,-22.0614876514302,0,-18.856102575907542,10014,,85,0,,,0.000005807761328398691,dry-run,1,"[""relaxed_h5_top10""]",2026-09-25T14:00:40.222Z,2026-09-25T14:00:50.236Z,,
Ebhcuzgkx9XqXr4FD3xfwaCrhJ2HLwMnUYKcCagipump,CLOSED,0.015,3.2578953461092316e-7,4.2390141857590113e-7,TAKE_PROFIT_1,0.004517266833731272,0.0004832198504648362,0.004034046983266436,26.893646555109573,30.115112224875144,-9.291219197396538,4323,,85,0,,,0.000008219850464836222,dry-run,1,"[""relaxed_h5_top10""]",2026-09-25T14:01:48.437Z,2026-09-25T14:01:52.760Z,,
jLz71QZfjnZZMLjUaCBw7KmUyftkkNq8NkWi2u9dyap,CLOSED,0.03,2.727395047901066e-7,2.7430880513169767e-7,TRAILING_STOP,0.00017261529562415887,0.0005796065123770519,-0.000406991216752893,-1.35663738917631,14.163531704071245,-9.65035132677763,27511,,85,0,laserstream,pumpswap,0.000029606512377051846,dry-run,0,,2026-09-25T14:11:15.248Z,2026-09-25T14:11:42.759Z,,
5NhN6zzDkzwXFGPFqtpTopV4ttBeZ6CWy1oRL9Rkpump,CLOSED,0.03,3.070933742703306e-7,3.6520650722564646e-7,TAKE_PROFIT_1,0.005677081092361133,0.0005815050051847558,0.005095576087176377,16.98525362392126,18.923603641203787,0,989,,85,0,laserstream,pumpswap,0.000031505005184755766,dry-run,0,,2026-09-25T14:14:56.201Z,2026-09-25T14:14:57.190Z,,
9XrcWtufLzDpCrZW6UKCkUDSGnhAqDyfHgJUJd87pump,CLOSED,0.03,3.299135799601016e-7,2.7487896106009913e-7,STOP_LOSS,-0.005004457734658102,0.0005734404230639321,-0.005577898157722035,-18.592993859073452,10.241953366370591,-16.68152578219367,6987,,85,0,,,0.00002344042306393209,dry-run,0,,2026-09-25T14:17:25.280Z,2026-09-25T14:17:32.267Z,,
DFTon7YiETkk3ZBPTrU9GRyyRKq7cgruEzvnybuZpump,CLOSED,0.03,2.741944043003422e-7,2.1572363364436996e-7,STOP_LOSS,-0.006397370231369736,0.0005751178697999391,-0.006972488101169676,-23.24162700389892,1.4527439333101844,-21.32456743789912,896,,85,0,laserstream,pumpswap,0.000025117869799939058,dry-run,0,,2026-09-25T14:30:21.289Z,2026-09-25T14:30:22.185Z,,
